Workbook

Sheet PDS_Lancamentos
A1: PDS Integra 6A - Base consolidada (Word)
A2: Arquivos consolidados: Abril, Dezembro, Fevereiro, Janeiro, Mar?o e Maio | Total de linhas extra?das: 2206
A4: Data | B4: Dia_Semana | C4: Obra | D4: Responsavel_Obra | E4: Equipe | F4: Atividade | G4: PV_Inicio | H4: PV_Fim | I4: PV_Texto | J4: Tipo_Atividade | K4: Categoria | L4: Fonte_Arquivo | M4: MES_REF | N4: RUA | O4: NUMERO | P4: MUNICIPIO | Q4: SUBPREFEITURA | R4: METODO_PADRAO | S4: EXTENSAO_M | T4: CHAVE_RELATORIO | U4: OBS_RELATORIO
A5: 45992 | B5: Segunda | C5: Mar de Coral | E5: LS | F5: Escavação mecânica e montagem de armco PV 01 | G5: 01 | I5: 01 | J5: Escavação | K5: Planejamento | L5: PDS-dezembro(1).docx | M5: =IF($A5="","",TEXT($A5,"mmmm/yyyy")) | P5: =IFERROR(_xludf.XLOOKUP($N5,Base_Enderecos!$A:$A,Base_Enderecos!$B:$B,""),"") | Q5: =IFERROR(_xludf.XLOOKUP($N5,Base_Enderecos!$A:$A,Base_Enderecos!$C:$C,""),"") | R5: =IF(OR(ISNUMBER(SEARCH("HDD",$F5)),ISNUMBER(SEARCH("MND",$F5)),ISNUMBER(SEARCH("PEAD",$F5)),ISNUMBER(SEARCH("Puxe",$J5)),ISNUMBER(SEARCH("Apoio HDD",$F5))),"MND",IF(OR(ISNUMBER(SEARCH("VCA",$F5)),ISNUMBER(SEARCH("PVC",$F5)),ISNUMBER(SEARCH("vca",$J5)),ISNUMBER(SEARCH("Transformação",$J5))),"VCA",IF(OR(ISNUMBER(SEARCH("crava",$F5)),ISNUMBER(SEARCH("tubo cravado",$F5)),ISNUMBER(SEARCH("shaft",$J5)),ISNUMBER(SEARCH("concreto",$F5))),"TUBO CRAVADO",""))) | T5: =IF($A5="","",TEXT($A5,"yyyymm")&"|"&$C5&"|"&$F5&"|"&$N5&"|"&$R5)
A6: 45992 | B6: Segunda | C6: Bandeirantes | E6: Daniel (pisos) | F6: Acabamento em piso PV 14 | G6: 14 | I6: 14 | J6: Acabamento | K6: Planejamento | L6: PDS-dezembro(1).docx | M6: =IF($A6="","",TEXT($A6,"mmmm/yyyy")) | P6: =IFERROR(_xludf.XLOOKUP($N6,Base_Enderecos!$A:$A,Base_Enderecos!$B:$B,""),"") | Q6: =IFERROR(_xludf.XLOOKUP($N6,Base_Enderecos!$A:$A,Base_Enderecos!$C:$C,""),"") | R6: =IF(OR(ISNUMBER(SEARCH("HDD",$F6)),ISNUMBER(SEARCH("MND",$F6)),ISNUMBER(SEARCH("PEAD",$F6)),ISNUMBER(SEARCH("Puxe",$J6)),ISNUMBER(SEARCH("Apoio HDD",$F6))),"MND",IF(OR(ISNUMBER(SEARCH("VCA",$F6)),ISNUMBER(SEARCH("PVC",$F6)),ISNUMBER(SEARCH("vca",$J6)),ISNUMBER(SEARCH("Transformação",$J6))),"VCA",IF(OR(ISNUMBER(SEARCH("crava",$F6)),ISNUMBER(SEARCH("tubo cravado",$F6)),ISNUMBER(SEARCH("shaft",$J6)),ISNUMBER(SEARCH("concreto",$F6))),"TUBO CRAVADO",""))) | T6: =IF($A6="","",TEXT($A6,"yyyymm")&"|"&$C6&"|"&$F6&"|"&$N6&"|"&$R6)
A7: 45992 | B7: Segunda | C7: CT Lageado | E7: Marcelo | F7: Transformação PV 1.2 | G7: 1.2 | I7: 1.2 | J7: Transformação | K7: Planejamento | L7: PDS-dezembro(1).docx | M7: =IF($A7="","",TEXT($A7,"mmmm/yyyy")) | P7: =IFERROR(_xludf.XLOOKUP($N7,Base_Enderecos!$A:$A,Base_Enderecos!$B:$B,""),"") | Q7: =IFERROR(_xludf.XLOOKUP($N7,Base_Enderecos!$A:$A,Base_Enderecos!$C:$C,""),"") | R7: =IF(OR(ISNUMBER(SEARCH("HDD",$F7)),ISNUMBER(SEARCH("MND",$F7)),ISNUMBER(SEARCH("PEAD",$F7)),ISNUMBER(SEARCH("Puxe",$J7)),ISNUMBER(SEARCH("Apoio HDD",$F7))),"MND",IF(OR(ISNUMBER(SEARCH("VCA",$F7)),ISNUMBER(SEARCH("PVC",$F7)),ISNUMBER(SEARCH("vca",$J7)),ISNUMBER(SEARCH("Transformação",$J7))),"VCA",IF(OR(ISNUMBER(SEARCH("crava",$F7)),ISNUMBER(SEARCH("tubo cravado",$F7)),ISNUMBER(SEARCH("shaft",$J7)),ISNUMBER(SEARCH("concreto",$F7))),"TUBO CRAVADO",""))) | T7: =IF($A7="","",TEXT($A7,"yyyymm")&"|"&$C7&"|"&$F7&"|"&$N7&"|"&$R7)
A8: 45992 | B8: Segunda | C8: CT Lageado | E8: Higor | F8: Acabamento PV 3.1 | G8: 3.1 | I8: 3.1 | J8: Acabamento | K8: Planejamento | L8: PDS-dezembro(1).docx | M8: =IF($A8="","",TEXT($A8,"mmmm/yyyy")) | P8: =IFERROR(_xludf.XLOOKUP($N8,Base_Enderecos!$A:$A,Base_Enderecos!$B:$B,""),"") | Q8: =IFERROR(_xludf.XLOOKUP($N8,Base_Enderecos!$A:$A,Base_Enderecos!$C:$C,""),"") | R8: =IF(OR(ISNUMBER(SEARCH("HDD",$F8)),ISNUMBER(SEARCH("MND",$F8)),ISNUMBER(SEARCH("PEAD",$F8)),ISNUMBER(SEARCH("Puxe",$J8)),ISNUMBER(SEARCH("Apoio HDD",$F8))),"MND",IF(OR(ISNUMBER(SEARCH("VCA",$F8)),ISNUMBER(SEARCH("PVC",$F8)),ISNUMBER(SEARCH("vca",$J8)),ISNUMBER(SEARCH("Transformação",$J8))),"VCA",IF(OR(ISNUMBER(SEARCH("crava",$F8)),ISNUMBER(SEARCH("tubo cravado",$F8)),ISNUMBER(SEARCH("shaft",$J8)),ISNUMBER(SEARCH("concreto",$F8))),"TUBO CRAVADO",""))) | T8: =IF($A8="","",TEXT($A8,"yyyymm")&"|"&$C8&"|"&$F8&"|"&$N8&"|"&$R8)
A9: 45992 | B9: Segunda | C9: CT Lageado | E9: Natalino | F9: Apoio HDD entre PVs 03 a 05 | G9: 03 | I9: 03 | J9: Apoio HDD | K9: Planejamento | L9: PDS-dezembro(1).docx | M9: =IF($A9="","",TEXT($A9,"mmmm/yyyy")) | P9: =IFERROR(_xludf.XLOOKUP($N9,Base_Enderecos!$A:$A,Base_Enderecos!$B:$B,""),"") | Q9: =IFERROR(_xludf.XLOOKUP($N9,Base_Enderecos!$A:$A,Base_Enderecos!$C:$C,""),"") | R9: =IF(OR(ISNUMBER(SEARCH("HDD",$F9)),ISNUMBER(SEARCH("MND",$F9)),ISNUMBER(SEARCH("PEAD",$F9)),ISNUMBER(SEARCH("Puxe",$J9)),ISNUMBER(SEARCH("Apoio HDD",$F9))),"MND",IF(OR(ISNUMBER(SEARCH("VCA",$F9)),ISNUMBER(SEARCH("PVC",$F9)),ISNUMBER(SEARCH("vca",$J9)),ISNUMBER(SEARCH("Transformação",$J9))),"VCA",IF(OR(ISNUMBER(SEARCH("crava",$F9)),ISNUMBER(SEARCH("tubo cravado",$F9)),ISNUMBER(SEARCH("shaft",$J9)),ISNUMBER(SEARCH("concreto",$F9))),"TUBO CRAVADO",""))) | T9: =IF($A9="","",TEXT($A9,"yyyymm")&"|"&$C9&"|"&$F9&"|"&$N9&"|"&$R9)
A10: 45992 | B10: Segunda | C10: CT Lageado | E10: WJ (Edson) | F10: Execução do furo piloto entre os PVs 03 ao 05 | G10: 03 | I10: 03 | J10: Furo piloto | K10: Planejamento | L10: PDS-dezembro(1).docx | M10: =IF($A10="","",TEXT($A10,"mmmm/yyyy")) | P10: =IFERROR(_xludf.XLOOKUP($N10,Base_Enderecos!$A:$A,Base_Enderecos!$B:$B,""),"") | Q10: =IFERROR(_xludf.XLOOKUP($N10,Base_Enderecos!$A:$A,Base_Enderecos!$C:$C,""),"") | R10: =IF(OR(ISNUMBER(SEARCH("HDD",$F10)),ISNUMBER(SEARCH("MND",$F10)),ISNUMBER(SEARCH("PEAD",$F10)),ISNUMBER(SEARCH("Puxe",$J10)),ISNUMBER(SEARCH("Apoio HDD",$F10))),"MND",IF(OR(ISNUMBER(SEARCH("VCA",$F10)),ISNUMBER(SEARCH("PVC",$F10)),ISNUMBER(SEARCH("vca",$J10)),ISNUMBER(SEARCH("Transformação",$J10))),"VCA",IF(OR(ISNUMBER(SEARCH("crava",$F10)),ISNUMBER(SEARCH("tubo cravado",$F10)),ISNUMBER(SEARCH("shaft",$J10)),ISNUMBER(SEARCH("concreto",$F10))),"TUBO CRAVADO",""))) | T10: =IF($A10="","",TEXT($A10,"yyyymm")&"|"&$C10&"|"&$F10&"|"&$N10&"|"&$R10)
A11: 45992 | B11: Segunda | C11: CT Lageado | E11: Fabrício | F11: Apoio HDD entre PVs 04 a 4.1 | G11: 04 | I11: 04 | J11: Apoio HDD | K11: Planejamento | L11: PDS-dezembro(1).docx | M11: =IF($A11="","",TEXT($A11,"mmmm/yyyy")) | P11: =IFERROR(_xludf.XLOOKUP($N11,Base_Enderecos!$A:$A,Base_Enderecos!$B:$B,""),"") | Q11: =IFERROR(_xludf.XLOOKUP($N11,Base_Enderecos!$A:$A,Base_Enderecos!$C:$C,""),"") | R11: =IF(OR(ISNUMBER(SEARCH("HDD",$F11)),ISNUMBER(SEARCH("MND",$F11)),ISNUMBER(SEARCH("PEAD",$F11)),ISNUMBER(SEARCH("Puxe",$J11)),ISNUMBER(SEARCH("Apoio HDD",$F11))),"MND",IF(OR(ISNUMBER(SEARCH("VCA",$F11)),ISNUMBER(SEARCH("PVC",$F11)),ISNUMBER(SEARCH("vca",$J11)),ISNUMBER(SEARCH("Transformação",$J11))),"VCA",IF(OR(ISNUMBER(SEARCH("crava",$F11)),ISNUMBER(SEARCH("tubo cravado",$F11)),ISNUMBER(SEARCH("shaft",$J11)),ISNUMBER(SEARCH("concreto",$F11))),"TUBO CRAVADO",""))) | T11: =IF($A11="","",TEXT($A11,"yyyymm")&"|"&$C11&"|"&$F11&"|"&$N11&"|"&$R11)
A12: 45992 | B12: Segunda | C12: CT Lageado | E12: Work Drill Bruno | F12: Execução do furo piloto entre os PVs 04 ao 4.1 | G12: 04 | I12: 04 | J12: Furo piloto | K12: Planejamento | L12: PDS-dezembro(1).docx | M12: =IF($A12="","",TEXT($A12,"mmmm/yyyy")) | P12: =IFERROR(_xludf.XLOOKUP($N12,Base_Enderecos!$A:$A,Base_Enderecos!$B:$B,""),"") | Q12: =IFERROR(_xludf.XLOOKUP($N12,Base_Enderecos!$A:$A,Base_Enderecos!$C:$C,""),"") | R12: =IF(OR(ISNUMBER(SEARCH("HDD",$F12)),ISNUMBER(SEARCH("MND",$F12)),ISNUMBER(SEARCH("PEAD",$F12)),ISNUMBER(SEARCH("Puxe",$J12)),ISNUMBER(SEARCH("Apoio HDD",$F12))),"MND",IF(OR(ISNUMBER(SEARCH("VCA",$F12)),ISNUMBER(SEARCH("PVC",$F12)),ISNUMBER(SEARCH("vca",$J12)),ISNUMBER(SEARCH("Transformação",$J12))),"VCA",IF(OR(ISNUMBER(SEARCH("crava",$F12)),ISNUMBER(SEARCH("tubo cravado",$F12)),ISNUMBER(SEARCH("shaft",$J12)),ISNUMBER(SEARCH("concreto",$F12))),"TUBO CRAVADO",""))) | T12: =IF($A12="","",TEXT($A12,"yyyymm")&"|"&$C12&"|"&$F12&"|"&$N12&"|"&$R12)
A13: 45992 | B13: Segunda | C13: CT Lageado | E13: Edvando | F13: VCA PV 01 | G13: 01 | I13: 01 | J13: VCA | K13: Planejamento | L13: PDS-dezembro(1).docx | M13: =IF($A13="","",TEXT($A13,"mmmm/yyyy")) | P13: =IFERROR(_xludf.XLOOKUP($N13,Base_Enderecos!$A:$A,Base_Enderecos!$B:$B,""),"") | Q13: =IFERROR(_xludf.XLOOKUP($N13,Base_Enderecos!$A:$A,Base_Enderecos!$C:$C,""),"") | R13: =IF(OR(ISNUMBER(SEARCH("HDD",$F13)),ISNUMBER(SEARCH("MND",$F13)),ISNUMBER(SEARCH("PEAD",$F13)),ISNUMBER(SEARCH("Puxe",$J13)),ISNUMBER(SEARCH("Apoio HDD",$F13))),"MND",IF(OR(ISNUMBER(SEARCH("VCA",$F13)),ISNUMBER(SEARCH("PVC",$F13)),ISNUMBER(SEARCH("vca",$J13)),ISNUMBER(SEARCH("Transformação",$J13))),"VCA",IF(OR(ISNUMBER(SEARCH("crava",$F13)),ISNUMBER(SEARCH("tubo cravado",$F13)),ISNUMBER(SEARCH("shaft",$J13)),ISNUMBER(SEARCH("concreto",$F13))),"TUBO CRAVADO",""))) | T13: =IF($A13="","",TEXT($A13,"yyyymm")&"|"&$C13&"|"&$F13&"|"&$N13&"|"&$R13)
A14: 45992 | B14: Segunda | C14: CT Lageado | E14: Paulo | F14: VCA entre os PVs 1.1 ao 1.2 | G14: 1.1 | I14: 1.1 | J14: VCA | K14: Planejamento | L14: PDS-dezembro(1).docx | M14: =IF($A14="","",TEXT($A14,"mmmm/yyyy")) | P14: =IFERROR(_xludf.XLOOKUP($N14,Base_Enderecos!$A:$A,Base_Enderecos!$B:$B,""),"") | Q14: =IFERROR(_xludf.XLOOKUP($N14,Base_Enderecos!$A:$A,Base_Enderecos!$C:$C,""),"") | R14: =IF(OR(ISNUMBER(SEARCH("HDD",$F14)),ISNUMBER(SEARCH("MND",$F14)),ISNUMBER(SEARCH("PEAD",$F14)),ISNUMBER(SEARCH("Puxe",$J14)),ISNUMBER(SEARCH("Apoio HDD",$F14))),"MND",IF(OR(ISNUMBER(SEARCH("VCA",$F14)),ISNUMBER(SEARCH("PVC",$F14)),ISNUMBER(SEARCH("vca",$J14)),ISNUMBER(SEARCH("Transformação",$J14))),"VCA",IF(OR(ISNUMBER(SEARCH("crava",$F14)),ISNUMBER(SEARCH("tubo cravado",$F14)),ISNUMBER(SEARCH("shaft",$J14)),ISNUMBER(SEARCH("concreto",$F14))),"TUBO CRAVADO",""))) | T14: =IF($A14="","",TEXT($A14,"yyyymm")&"|"&$C14&"|"&$F14&"|"&$N14&"|"&$R14)
A15: 45992 | B15: Segunda | C15: CT Lageado | E15: Valter | F15: Transformação PV 1.3 | G15: 1.3 | I15: 1.3 | J15: Transformação | K15: Planejamento | L15: PDS-dezembro(1).docx | M15: =IF($A15="","",TEXT($A15,"mmmm/yyyy")) | P15: =IFERROR(_xludf.XLOOKUP($N15,Base_Enderecos!$A:$A,Base_Enderecos!$B:$B,""),"") | Q15: =IFERROR(_xludf.XLOOKUP($N15,Base_Enderecos!$A:$A,Base_Enderecos!$C:$C,""),"") | R15: =IF(OR(ISNUMBER(SEARCH("HDD",$F15)),ISNUMBER(SEARCH("MND",$F15)),ISNUMBER(SEARCH("PEAD",$F15)),ISNUMBER(SEARCH("Puxe",$J15)),ISNUMBER(SEARCH("Apoio HDD",$F15))),"MND",IF(OR(ISNUMBER(SEARCH("VCA",$F15)),ISNUMBER(SEARCH("PVC",$F15)),ISNUMBER(SEARCH("vca",$J15)),ISNUMBER(SEARCH("Transformação",$J15))),"VCA",IF(OR(ISNUMBER(SEARCH("crava",$F15)),ISNUMBER(SEARCH("tubo cravado",$F15)),ISNUMBER(SEARCH("shaft",$J15)),ISNUMBER(SEARCH("concreto",$F15))),"TUBO CRAVADO",""))) | T15: =IF($A15="","",TEXT($A15,"yyyymm")&"|"&$C15&"|"&$F15&"|"&$N15&"|"&$R15)
A16: 45992 | B16: Segunda | C16: CT Benfica | E16: Marcio | F16: Apoio HDD entre PVs 11 a 12 | G16: 11 | I16: 11 | J16: Apoio HDD | K16: Planejamento | L16: PDS-dezembro(1).docx | M16: =IF($A16="","",TEXT($A16,"mmmm/yyyy")) | P16: =IFERROR(_xludf.XLOOKUP($N16,Base_Enderecos!$A:$A,Base_Enderecos!$B:$B,""),"") | Q16: =IFERROR(_xludf.XLOOKUP($N16,Base_Enderecos!$A:$A,Base_Enderecos!$C:$C,""),"") | R16: =IF(OR(ISNUMBER(SEARCH("HDD",$F16)),ISNUMBER(SEARCH("MND",$F16)),ISNUMBER(SEARCH("PEAD",$F16)),ISNUMBER(SEARCH("Puxe",$J16)),ISNUMBER(SEARCH("Apoio HDD",$F16))),"MND",IF(OR(ISNUMBER(SEARCH("VCA",$F16)),ISNUMBER(SEARCH("PVC",$F16)),ISNUMBER(SEARCH("vca",$J16)),ISNUMBER(SEARCH("Transformação",$J16))),"VCA",IF(OR(ISNUMBER(SEARCH("crava",$F16)),ISNUMBER(SEARCH("tubo cravado",$F16)),ISNUMBER(SEARCH("shaft",$J16)),ISNUMBER(SEARCH("concreto",$F16))),"TUBO CRAVADO",""))) | T16: =IF($A16="","",TEXT($A16,"yyyymm")&"|"&$C16&"|"&$F16&"|"&$N16&"|"&$R16)
... A18: 45992 | B18: Segunda | C18: CT Souto Maior | E18: César | F18: realizando ligações entre os PV 05 ao 7.2 | G18: 05 | I18: 05 | J18: Ligações | K18: Planejamento | L18: PDS-dezembro(1).docx | M18: =IF($A18="","",TEXT($A18,"mmmm/yyyy")) | P18: =IFERROR(_xludf.XLOOKUP($N18,Base_Enderecos!$A:$A,Base_Enderecos!$B:$B,""),"") | Q18: =IFERROR(_xludf.XLOOKUP($N18,Base_Enderecos!$A:$A,Base_Enderecos!$C:$C,""),"") | R18: =IF(OR(ISNUMBER(SEARCH("HDD",$F18)),ISNUMBER(SEARCH("MND",$F18)),ISNUMBER(SEARCH("PEAD",$F18)),ISNUMBER(SEARCH("Puxe",$J18)),ISNUMBER(SEARCH("Apoio HDD",$F18))),"MND",IF(OR(ISNUMBER(SEARCH("VCA",$F18)),ISNUMBER(SEARCH("PVC",$F18)),ISNUMBER(SEARCH("vca",$J18)),ISNUMBER(SEARCH("Transformação",$J18))),"VCA",IF(OR(ISNUMBER(SEARCH("crava",$F18)),ISNUMBER(SEARCH("tubo cravado",$F18)),ISNUMBER(SEARCH("shaft",$J18)),ISNUMBER(SEARCH("concreto",$F18))),"TUBO CRAVADO",""))) | T18: =IF($A18="","",TEXT($A18,"yyyymm")&"|"&$C18&"|"&$F18&"|"&$N18&"|"&$R18)
A19: 45992 | B19: Segunda | C19: Demais trabalhos | E19: Guindauto (Rodrigo) | F19: Apoio as equipes | K19: Planejamento | L19: PDS-dezembro(1).docx | M19: =IF($A19="","",TEXT($A19,"mmmm/yyyy")) | P19: =IFERROR(_xludf.XLOOKUP($N19,Base_Enderecos!$A:$A,Base_Enderecos!$B:$B,""),"") | Q19: =IFERROR(_xludf.XLOOKUP($N19,Base_Enderecos!$A:$A,Base_Enderecos!$C:$C,""),"") | R19: =IF(OR(ISNUMBER(SEARCH("HDD",$F19)),ISNUMBER(SEARCH("MND",$F19)),ISNUMBER(SEARCH("PEAD",$F19)),ISNUMBER(SEARCH("Puxe",$J19)),ISNUMBER(SEARCH("Apoio HDD",$F19))),"MND",IF(OR(ISNUMBER(SEARCH("VCA",$F19)),ISNUMBER(SEARCH("PVC",$F19)),ISNUMBER(SEARCH("vca",$J19)),ISNUMBER(SEARCH("Transformação",$J19))),"VCA",IF(OR(ISNUMBER(SEARCH("crava",$F19)),ISNUMBER(SEARCH("tubo cravado",$F19)),ISNUMBER(SEARCH("shaft",$J19)),ISNUMBER(SEARCH("concreto",$F19))),"TUBO CRAVADO",""))) | T19: =IF($A19="","",TEXT($A19,"yyyymm")&"|"&$C19&"|"&$F19&"|"&$N19&"|"&$R19)
A20: 45992 | B20: Segunda | C20: Demais trabalhos | E20: Guindauto (Márcio) | F20: Apoio as Equipe | K20: Planejamento | L20: PDS-dezembro(1).docx | M20: =IF($A20="","",TEXT($A20,"mmmm/yyyy")) | P20: =IFERROR(_xludf.XLOOKUP($N20,Base_Enderecos!$A:$A,Base_Enderecos!$B:$B,""),"") | Q20: =IFERROR(_xludf.XLOOKUP($N20,Base_Enderecos!$A:$A,Base_Enderecos!$C:$C,""),"") | R20: =IF(OR(ISNUMBER(SEARCH("HDD",$F20)),ISNUMBER(SEARCH("MND",$F20)),ISNUMBER(SEARCH("PEAD",$F20)),ISNUMBER(SEARCH("Puxe",$J20)),ISNUMBER(SEARCH("Apoio HDD",$F20))),"MND",IF(OR(ISNUMBER(SEARCH("VCA",$F20)),ISNUMBER(SEARCH("PVC",$F20)),ISNUMBER(SEARCH("vca",$J20)),ISNUMBER(SEARCH("Transformação",$J20))),"VCA",IF(OR(ISNUMBER(SEARCH("crava",$F20)),ISNUMBER(SEARCH("tubo cravado",$F20)),ISNUMBER(SEARCH("shaft",$J20)),ISNUMBER(SEARCH("concreto",$F20))),"TUBO CRAVADO",""))) | T20: =IF($A20="","",TEXT($A20,"yyyymm")&"|"&$C20&"|"&$F20&"|"&$N20&"|"&$R20)
A21: 45992 | B21: Segunda | C21: Vacal | E21: Apoio Marcio PV 12 Benfica | F21: Apoio Vacal | J21: Vacal | K21: Apoio | L21: PDS-dezembro(1).docx | M21: =IF($A21="","",TEXT($A21,"mmmm/yyyy")) | P21: =IFERROR(_xludf.XLOOKUP($N21,Base_Enderecos!$A:$A,Base_Enderecos!$B:$B,""),"") | Q21: =IFERROR(_xludf.XLOOKUP($N21,Base_Enderecos!$A:$A,Base_Enderecos!$C:$C,""),"") | R21: =IF(OR(ISNUMBER(SEARCH("HDD",$F21)),ISNUMBER(SEARCH("MND",$F21)),ISNUMBER(SEARCH("PEAD",$F21)),ISNUMBER(SEARCH("Puxe",$J21)),ISNUMBER(SEARCH("Apoio HDD",$F21))),"MND",IF(OR(ISNUMBER(SEARCH("VCA",$F21)),ISNUMBER(SEARCH("PVC",$F21)),ISNUMBER(SEARCH("vca",$J21)),ISNUMBER(SEARCH("Transformação",$J21))),"VCA",IF(OR(ISNUMBER(SEARCH("crava",$F21)),ISNUMBER(SEARCH("tubo cravado",$F21)),ISNUMBER(SEARCH("shaft",$J21)),ISNUMBER(SEARCH("concreto",$F21))),"TUBO CRAVADO",""))) | T21: =IF($A21="","",TEXT($A21,"yyyymm")&"|"&$C21&"|"&$F21&"|"&$N21&"|"&$R21)
A22: 45992 | B22: Segunda | C22: Vacal | E22: Apoio Marcio PV 12 Benfica | F22: Apoio Vacal | J22: Vacal | K22: Apoio | L22: PDS-dezembro(1).docx | M22: =IF($A22="","",TEXT($A22,"mmmm/yyyy")) | P22: =IFERROR(_xludf.XLOOKUP($N22,Base_Enderecos!$A:$A,Base_Enderecos!$B:$B,""),"") | Q22: =IFERROR(_xludf.XLOOKUP($N22,Base_Enderecos!$A:$A,Base_Enderecos!$C:$C,""),"") | R22: =IF(OR(ISNUMBER(SEARCH("HDD",$F22)),ISNUMBER(SEARCH("MND",$F22)),ISNUMBER(SEARCH("PEAD",$F22)),ISNUMBER(SEARCH("Puxe",$J22)),ISNUMBER(SEARCH("Apoio HDD",$F22))),"MND",IF(OR(ISNUMBER(SEARCH("VCA",$F22)),ISNUMBER(SEARCH("PVC",$F22)),ISNUMBER(SEARCH("vca",$J22)),ISNUMBER(SEARCH("Transformação",$J22))),"VCA",IF(OR(ISNUMBER(SEARCH("crava",$F22)),ISNUMBER(SEARCH("tubo cravado",$F22)),ISNUMBER(SEARCH("shaft",$J22)),ISNUMBER(SEARCH("concreto",$F22))),"TUBO CRAVADO",""))) | T22: =IF($A22="","",TEXT($A22,"yyyymm")&"|"&$C22&"|"&$F22&"|"&$N22&"|"&$R22)
A23: 45994 | B23: Quarta | C23: Mar de Coral | E23: LS | F23: Escavação mecânica e montagem de armco PV 01 | G23: 01 | I23: 01 | J23: Escavação | K23: Planejamento | L23: PDS-dezembro(1).docx | M23: =IF($A23="","",TEXT($A23,"mmmm/yyyy")) | P23: =IFERROR(_xludf.XLOOKUP($N23,Base_Enderecos!$A:$A,Base_Enderecos!$B:$B,""),"") | Q23: =IFERROR(_xludf.XLOOKUP($N23,Base_Enderecos!$A:$A,Base_Enderecos!$C:$C,""),"") | R23: =IF(OR(ISNUMBER(SEARCH("HDD",$F23)),ISNUMBER(SEARCH("MND",$F23)),ISNUMBER(SEARCH("PEAD",$F23)),ISNUMBER(SEARCH("Puxe",$J23)),ISNUMBER(SEARCH("Apoio HDD",$F23))),"MND",IF(OR(ISNUMBER(SEARCH("VCA",$F23)),ISNUMBER(SEARCH("PVC",$F23)),ISNUMBER(SEARCH("vca",$J23)),ISNUMBER(SEARCH("Transformação",$J23))),"VCA",IF(OR(ISNUMBER(SEARCH("crava",$F23)),ISNUMBER(SEARCH("tubo cravado",$F23)),ISNUMBER(SEARCH("shaft",$J23)),ISNUMBER(SEARCH("concreto",$F23))),"TUBO CRAVADO",""))) | T23: =IF($A23="","",TEXT($A23,"yyyymm")&"|"&$C23&"|"&$F23&"|"&$N23&"|"&$R23)
A24: 45994 | B24: Quarta | C24: CT Lageado | E24: Higor | F24: transformar PV 1.3 | G24: 1.3 | I24: 1.3 | K24: Planejamento | L24: PDS-dezembro(1).docx | M24: =IF($A24="","",TEXT($A24,"mmmm/yyyy")) | P24: =IFERROR(_xludf.XLOOKUP($N24,Base_Enderecos!$A:$A,Base_Enderecos!$B:$B,""),"") | Q24: =IFERROR(_xludf.XLOOKUP($N24,Base_Enderecos!$A:$A,Base_Enderecos!$C:$C,""),"") | R24: =IF(OR(ISNUMBER(SEARCH("HDD",$F24)),ISNUMBER(SEARCH("MND",$F24)),ISNUMBER(SEARCH("PEAD",$F24)),ISNUMBER(SEARCH("Puxe",$J24)),ISNUMBER(SEARCH("Apoio HDD",$F24))),"MND",IF(OR(ISNUMBER(SEARCH("VCA",$F24)),ISNUMBER(SEARCH("PVC",$F24)),ISNUMBER(SEARCH("vca",$J24)),ISNUMBER(SEARCH("Transformação",$J24))),"VCA",IF(OR(ISNUMBER(SEARCH("crava",$F24)),ISNUMBER(SEARCH("tubo cravado",$F24)),ISNUMBER(SEARCH("shaft",$J24)),ISNUMBER(SEARCH("concreto",$F24))),"TUBO CRAVADO",""))) | T24: =IF($A24="","",TEXT($A24,"yyyymm")&"|"&$C24&"|"&$F24&"|"&$N24&"|"&$R24)
A25: 45994 | B25: Quarta | C25: CT Lageado | E25: Natalino | F25: Apoio HDD entre PVs 03 a 05 | G25: 03 | I25: 03 | J25: Apoio HDD | K25: Planejamento | L25: PDS-dezembro(1).docx | M25: =IF($A25="","",TEXT($A25,"mmmm/yyyy")) | P25: =IFERROR(_xludf.XLOOKUP($N25,Base_Enderecos!$A:$A,Base_Enderecos!$B:$B,""),"") | Q25: =IFERROR(_xludf.XLOOKUP($N25,Base_Enderecos!$A:$A,Base_Enderecos!$C:$C,""),"") | R25: =IF(OR(ISNUMBER(SEARCH("HDD",$F25)),ISNUMBER(SEARCH("MND",$F25)),ISNUMBER(SEARCH("PEAD",$F25)),ISNUMBER(SEARCH("Puxe",$J25)),ISNUMBER(SEARCH("Apoio HDD",$F25))),"MND",IF(OR(ISNUMBER(SEARCH("VCA",$F25)),ISNUMBER(SEARCH("PVC",$F25)),ISNUMBER(SEARCH("vca",$J25)),ISNUMBER(SEARCH("Transformação",$J25))),"VCA",IF(OR(ISNUMBER(SEARCH("crava",$F25)),ISNUMBER(SEARCH("tubo cravado",$F25)),ISNUMBER(SEARCH("shaft",$J25)),ISNUMBER(SEARCH("concreto",$F25))),"TUBO CRAVADO",""))) | T25: =IF($A25="","",TEXT($A25,"yyyymm")&"|"&$C25&"|"&$F25&"|"&$N25&"|"&$R25)
A26: 45994 | B26: Quarta | C26: CT Lageado | E26: WJ (Edson) | F26: Execução do furo piloto entre os PVs 03 ao 05 | G26: 03 | I26: 03 | J26: Furo piloto | K26: Planejamento | L26: PDS-dezembro(1).docx | M26: =IF($A26="","",TEXT($A26,"mmmm/yyyy")) | P26: =IFERROR(_xludf.XLOOKUP($N26,Base_Enderecos!$A:$A,Base_Enderecos!$B:$B,""),"") | Q26: =IFERROR(_xludf.XLOOKUP($N26,Base_Enderecos!$A:$A,Base_Enderecos!$C:$C,""),"") | R26: =IF(OR(ISNUMBER(SEARCH("HDD",$F26)),ISNUMBER(SEARCH("MND",$F26)),ISNUMBER(SEARCH("PEAD",$F26)),ISNUMBER(SEARCH("Puxe",$J26)),ISNUMBER(SEARCH("Apoio HDD",$F26))),"MND",IF(OR(ISNUMBER(SEARCH("VCA",$F26)),ISNUMBER(SEARCH("PVC",$F26)),ISNUMBER(SEARCH("vca",$J26)),ISNUMBER(SEARCH("Transformação",$J26))),"VCA",IF(OR(ISNUMBER(SEARCH("crava",$F26)),ISNUMBER(SEARCH("tubo cravado",$F26)),ISNUMBER(SEARCH("shaft",$J26)),ISNUMBER(SEARCH("concreto",$F26))),"TUBO CRAVADO",""))) | T26: =IF($A26="","",TEXT($A26,"yyyymm")&"|"&$C26&"|"&$F26&"|"&$N26&"|"&$R26)
A27: 45994 | B27: Quarta | C27: CT Lageado | E27: Fabrício | F27: Apoio HDD entre PVs 5.1 a 05 | G27: 5.1 | I27: 5.1 | J27: Apoio HDD | K27: Planejamento | L27: PDS-dezembro(1).docx | M27: =IF($A27="","",TEXT($A27,"mmmm/yyyy")) | P27: =IFERROR(_xludf.XLOOKUP($N27,Base_Enderecos!$A:$A,Base_Enderecos!$B:$B,""),"") | Q27: =IFERROR(_xludf.XLOOKUP($N27,Base_Enderecos!$A:$A,Base_Enderecos!$C:$C,""),"") | R27: =IF(OR(ISNUMBER(SEARCH("HDD",$F27)),ISNUMBER(SEARCH("MND",$F27)),ISNUMBER(SEARCH("PEAD",$F27)),ISNUMBER(SEARCH("Puxe",$J27)),ISNUMBER(SEARCH("Apoio HDD",$F27))),"MND",IF(OR(ISNUMBER(SEARCH("VCA",$F27)),ISNUMBER(SEARCH("PVC",$F27)),ISNUMBER(SEARCH("vca",$J27)),ISNUMBER(SEARCH("Transformação",$J27))),"VCA",IF(OR(ISNUMBER(SEARCH("crava",$F27)),ISNUMBER(SEARCH("tubo cravado",$F27)),ISNUMBER(SEARCH("shaft",$J27)),ISNUMBER(SEARCH("concreto",$F27))),"TUBO CRAVADO",""))) | T27: =IF($A27="","",TEXT($A27,"yyyymm")&"|"&$C27&"|"&$F27&"|"&$N27&"|"&$R27)
A28: 45994 | B28: Quarta | C28: CT Lageado | E28: Work Drill Bruno | F28: Execução do furo piloto entre os PVs 5.1 ao 05 | G28: 5.1 | I28: 5.1 | J28: Furo piloto | K28: Planejamento | L28: PDS-dezembro(1).docx | M28: =IF($A28="","",TEXT($A28,"mmmm/yyyy")) | P28: =IFERROR(_xludf.XLOOKUP($N28,Base_Enderecos!$A:$A,Base_Enderecos!$B:$B,""),"") | Q28: =IFERROR(_xludf.XLOOKUP($N28,Base_Enderecos!$A:$A,Base_Enderecos!$C:$C,""),"") | R28: =IF(OR(ISNUMBER(SEARCH("HDD",$F28)),ISNUMBER(SEARCH("MND",$F28)),ISNUMBER(SEARCH("PEAD",$F28)),ISNUMBER(SEARCH("Puxe",$J28)),ISNUMBER(SEARCH("Apoio HDD",$F28))),"MND",IF(OR(ISNUMBER(SEARCH("VCA",$F28)),ISNUMBER(SEARCH("PVC",$F28)),ISNUMBER(SEARCH("vca",$J28)),ISNUMBER(SEARCH("Transformação",$J28))),"VCA",IF(OR(ISNUMBER(SEARCH("crava",$F28)),ISNUMBER(SEARCH("tubo cravado",$F28)),ISNUMBER(SEARCH("shaft",$J28)),ISNUMBER(SEARCH("concreto",$F28))),"TUBO CRAVADO",""))) | T28: =IF($A28="","",TEXT($A28,"yyyymm")&"|"&$C28&"|"&$F28&"|"&$N28&"|"&$R28)
A29: 45994 | B29: Quarta | C29: CT Lageado | E29: Marcio | F29: Apoio HDD entre PVs 04 a 4.1 | G29: 04 | I29: 04 | J29: Apoio HDD | K29: Planejamento | L29: PDS-dezembro(1).docx | M29: =IF($A29="","",TEXT($A29,"mmmm/yyyy")) | P29: =IFERROR(_xludf.XLOOKUP($N29,Base_Enderecos!$A:$A,Base_Enderecos!$B:$B,""),"") | Q29: =IFERROR(_xludf.XLOOKUP($N29,Base_Enderecos!$A:$A,Base_Enderecos!$C:$C,""),"") | R29: =IF(OR(ISNUMBER(SEARCH("HDD",$F29)),ISNUMBER(SEARCH("MND",$F29)),ISNUMBER(SEARCH("PEAD",$F29)),ISNUMBER(SEARCH("Puxe",$J29)),ISNUMBER(SEARCH("Apoio HDD",$F29))),"MND",IF(OR(ISNUMBER(SEARCH("VCA",$F29)),ISNUMBER(SEARCH("PVC",$F29)),ISNUMBER(SEARCH("vca",$J29)),ISNUMBER(SEARCH("Transformação",$J29))),"VCA",IF(OR(ISNUMBER(SEARCH("crava",$F29)),ISNUMBER(SEARCH("tubo cravado",$F29)),ISNUMBER(SEARCH("shaft",$J29)),ISNUMBER(SEARCH("concreto",$F29))),"TUBO CRAVADO",""))) | T29: =IF($A29="","",TEXT($A29,"yyyymm")&"|"&$C29&"|"&$F29&"|"&$N29&"|"&$R29)
A30: 45994 | B30: Quarta | C30: CT Lageado | E30: WJ (Alex) | F30: Execução do furo piloto entre os PVs 04 ao 4.1 | G30: 04 | I30: 04 | J30: Furo piloto | K30: Planejamento | L30: PDS-dezembro(1).docx | M30: =IF($A30="","",TEXT($A30,"mmmm/yyyy")) | P30: =IFERROR(_xludf.XLOOKUP($N30,Base_Enderecos!$A:$A,Base_Enderecos!$B:$B,""),"") | Q30: =IFERROR(_xludf.XLOOKUP($N30,Base_Enderecos!$A:$A,Base_Enderecos!$C:$C,""),"") | R30: =IF(OR(ISNUMBER(SEARCH("HDD",$F30)),ISNUMBER(SEARCH("MND",$F30)),ISNUMBER(SEARCH("PEAD",$F30)),ISNUMBER(SEARCH("Puxe",$J30)),ISNUMBER(SEARCH("Apoio HDD",$F30))),"MND",IF(OR(ISNUMBER(SEARCH("VCA",$F30)),ISNUMBER(SEARCH("PVC",$F30)),ISNUMBER(SEARCH("vca",$J30)),ISNUMBER(SEARCH("Transformação",$J30))),"VCA",IF(OR(ISNUMBER(SEARCH("crava",$F30)),ISNUMBER(SEARCH("tubo cravado",$F30)),ISNUMBER(SEARCH("shaft",$J30)),ISNUMBER(SEARCH("concreto",$F30))),"TUBO CRAVADO",""))) | T30: =IF($A30="","",TEXT($A30,"yyyymm")&"|"&$C30&"|"&$F30&"|"&$N30&"|"&$R30)
A31: 45994 | B31: Quarta | C31: CT Benfica | E31: Valter | F31: Transformação PV 11 | G31: 11 | I31: 11 | J31: Transformação | K31: Planejamento | L31: PDS-dezembro(1).docx | M31: =IF($A31="","",TEXT($A31,"mmmm/yyyy")) | P31: =IFERROR(_xludf.XLOOKUP($N31,Base_Enderecos!$A:$A,Base_Enderecos!$B:$B,""),"") | Q31: =IFERROR(_xludf.XLOOKUP($N31,Base_Enderecos!$A:$A,Base_Enderecos!$C:$C,""),"") | R31: =IF(OR(ISNUMBER(SEARCH("HDD",$F31)),ISNUMBER(SEARCH("MND",$F31)),ISNUMBER(SEARCH("PEAD",$F31)),ISNUMBER(SEARCH("Puxe",$J31)),ISNUMBER(SEARCH("Apoio HDD",$F31))),"MND",IF(OR(ISNUMBER(SEARCH("VCA",$F31)),ISNUMBER(SEARCH("PVC",$F31)),ISNUMBER(SEARCH("vca",$J31)),ISNUMBER(SEARCH("Transformação",$J31))),"VCA",IF(OR(ISNUMBER(SEARCH("crava",$F31)),ISNUMBER(SEARCH("tubo cravado",$F31)),ISNUMBER(SEARCH("shaft",$J31)),ISNUMBER(SEARCH("concreto",$F31))),"TUBO CRAVADO",""))) | T31: =IF($A31="","",TEXT($A31,"yyyymm")&"|"&$C31&"|"&$F31&"|"&$N31&"|"&$R31)
A32: 45994 | B32: Quarta | C32: CT Benfica | E32: Marcelo | F32: Transformação e interligação PV 12 | G32: 12 | I32: 12 | J32: Transformação | K32: Planejamento | L32: PDS-dezembro(1).docx | M32: =IF($A32="","",TEXT($A32,"mmmm/yyyy")) | P32: =IFERROR(_xludf.XLOOKUP($N32,Base_Enderecos!$A:$A,Base_Enderecos!$B:$B,""),"") | Q32: =IFERROR(_xludf.XLOOKUP($N32,Base_Enderecos!$A:$A,Base_Enderecos!$C:$C,""),"") | R32: =IF(OR(ISNUMBER(SEARCH("HDD",$F32)),ISNUMBER(SEARCH("MND",$F32)),ISNUMBER(SEARCH("PEAD",$F32)),ISNUMBER(SEARCH("Puxe",$J32)),ISNUMBER(SEARCH("Apoio HDD",$F32))),"MND",IF(OR(ISNUMBER(SEARCH("VCA",$F32)),ISNUMBER(SEARCH("PVC",$F32)),ISNUMBER(SEARCH("vca",$J32)),ISNUMBER(SEARCH("Transformação",$J32))),"VCA",IF(OR(ISNUMBER(SEARCH("crava",$F32)),ISNUMBER(SEARCH("tubo cravado",$F32)),ISNUMBER(SEARCH("shaft",$J32)),ISNUMBER(SEARCH("concreto",$F32))),"TUBO CRAVADO",""))) | T32: =IF($A32="","",TEXT($A32,"yyyymm")&"|"&$C32&"|"&$F32&"|"&$N32&"|"&$R32)
A33: 45994 | B33: Quarta | C33: Demais trabalhos | E33: Guindauto (Rodrigo) | F33: Apoio as equipes | K33: Planejamento | L33: PDS-dezembro(1).docx | M33: =IF($A33="","",TEXT($A33,"mmmm/yyyy")) | P33: =IFERROR(_xludf.XLOOKUP($N33,Base_Enderecos!$A:$A,Base_Enderecos!$B:$B,""),"") | Q33: =IFERROR(_xludf.XLOOKUP($N33,Base_Enderecos!$A:$A,Base_Enderecos!$C:$C,""),"") | R33: =IF(OR(ISNUMBER(SEARCH("HDD",$F33)),ISNUMBER(SEARCH("MND",$F33)),ISNUMBER(SEARCH("PEAD",$F33)),ISNUMBER(SEARCH("Puxe",$J33)),ISNUMBER(SEARCH("Apoio HDD",$F33))),"MND",IF(OR(ISNUMBER(SEARCH("VCA",$F33)),ISNUMBER(SEARCH("PVC",$F33)),ISNUMBER(SEARCH("vca",$J33)),ISNUMBER(SEARCH("Transformação",$J33))),"VCA",IF(OR(ISNUMBER(SEARCH("crava",$F33)),ISNUMBER(SEARCH("tubo cravado",$F33)),ISNUMBER(SEARCH("shaft",$J33)),ISNUMBER(SEARCH("concreto",$F33))),"TUBO CRAVADO",""))) | T33: =IF($A33="","",TEXT($A33,"yyyymm")&"|"&$C33&"|"&$F33&"|"&$N33&"|"&$R33)
A34: 45994 | B34: Quarta | C34: Demais trabalhos | E34: Guindauto (Márcio) | F34: Apoio as Equipe | K34: Planejamento | L34: PDS-dezembro(1).docx | M34: =IF($A34="","",TEXT($A34,"mmmm/yyyy")) | P34: =IFERROR(_xludf.XLOOKUP($N34,Base_Enderecos!$A:$A,Base_Enderecos!$B:$B,""),"") | Q34: =IFERROR(_xludf.XLOOKUP($N34,Base_Enderecos!$A:$A,Base_Enderecos!$C:$C,""),"") | R34: =IF(OR(ISNUMBER(SEARCH("HDD",$F34)),ISNUMBER(SEARCH("MND",$F34)),ISNUMBER(SEARCH("PEAD",$F34)),ISNUMBER(SEARCH("Puxe",$J34)),ISNUMBER(SEARCH("Apoio HDD",$F34))),"MND",IF(OR(ISNUMBER(SEARCH("VCA",$F34)),ISNUMBER(SEARCH("PVC",$F34)),ISNUMBER(SEARCH("vca",$J34)),ISNUMBER(SEARCH("Transformação",$J34))),"VCA",IF(OR(ISNUMBER(SEARCH("crava",$F34)),ISNUMBER(SEARCH("tubo cravado",$F34)),ISNUMBER(SEARCH("shaft",$J34)),ISNUMBER(SEARCH("concreto",$F34))),"TUBO CRAVADO",""))) | T34: =IF($A34="","",TEXT($A34,"yyyymm")&"|"&$C34&"|"&$F34&"|"&$N34&"|"&$R34)
A35: 45994 | B35: Quarta | C35: Vacal | E35: Apoio Marcio PV 04 Lageado | F35: Apoio Vacal | J35: Vacal | K35: Apoio | L35: PDS-dezembro(1).docx | M35: =IF($A35="","",TEXT($A35,"mmmm/yyyy")) | P35: =IFERROR(_xludf.XLOOKUP($N35,Base_Enderecos!$A:$A,Base_Enderecos!$B:$B,""),"") | Q35: =IFERROR(_xludf.XLOOKUP($N35,Base_Enderecos!$A:$A,Base_Enderecos!$C:$C,""),"") | R35: =IF(OR(ISNUMBER(SEARCH("HDD",$F35)),ISNUMBER(SEARCH("MND",$F35)),ISNUMBER(SEARCH("PEAD",$F35)),ISNUMBER(SEARCH("Puxe",$J35)),ISNUMBER(SEARCH("Apoio HDD",$F35))),"MND",IF(OR(ISNUMBER(SEARCH("VCA",$F35)),ISNUMBER(SEARCH("PVC",$F35)),ISNUMBER(SEARCH("vca",$J35)),ISNUMBER(SEARCH("Transformação",$J35))),"VCA",IF(OR(ISNUMBER(SEARCH("crava",$F35)),ISNUMBER(SEARCH("tubo cravado",$F35)),ISNUMBER(SEARCH("shaft",$J35)),ISNUMBER(SEARCH("concreto",$F35))),"TUBO CRAVADO",""))) | T35: =IF($A35="","",TEXT($A35,"yyyymm")&"|"&$C35&"|"&$F35&"|"&$N35&"|"&$R35)
A36: 45994 | B36: Quarta | C36: Vacal | E36: Apoio Fabrício PV 05 Lageado | F36: Apoio Vacal | J36: Vacal | K36: Apoio | L36: PDS-dezembro(1).docx | M36: =IF($A36="","",TEXT($A36,"mmmm/yyyy")) | P36: =IFERROR(_xludf.XLOOKUP($N36,Base_Enderecos!$A:$A,Base_Enderecos!$B:$B,""),"") | Q36: =IFERROR(_xludf.XLOOKUP($N36,Base_Enderecos!$A:$A,Base_Enderecos!$C:$C,""),"") | R36: =IF(OR(ISNUMBER(SEARCH("HDD",$F36)),ISNUMBER(SEARCH("MND",$F36)),ISNUMBER(SEARCH("PEAD",$F36)),ISNUMBER(SEARCH("Puxe",$J36)),ISNUMBER(SEARCH("Apoio HDD",$F36))),"MND",IF(OR(ISNUMBER(SEARCH("VCA",$F36)),ISNUMBER(SEARCH("PVC",$F36)),ISNUMBER(SEARCH("vca",$J36)),ISNUMBER(SEARCH("Transformação",$J36))),"VCA",IF(OR(ISNUMBER(SEARCH("crava",$F36)),ISNUMBER(SEARCH("tubo cravado",$F36)),ISNUMBER(SEARCH("shaft",$J36)),ISNUMBER(SEARCH("concreto",$F36))),"TUBO CRAVADO",""))) | T36: =IF($A36="","",TEXT($A36,"yyyymm")&"|"&$C36&"|"&$F36&"|"&$N36&"|"&$R36)
A37: 45995 | B37: Quinta | C37: Miriam | E37: Paulo | F37: Transformação do PV 57 e interligação do PV 59 | G37: 57 | H37: 59 | I37: 57, 59 | J37: Transformação | K37: Planejamento | L37: PDS-dezembro(1).docx | M37: =IF($A37="","",TEXT($A37,"mmmm/yyyy")) | P37: =IFERROR(_xludf.XLOOKUP($N37,Base_Enderecos!$A:$A,Base_Enderecos!$B:$B,""),"") | Q37: =IFERROR(_xludf.XLOOKUP($N37,Base_Enderecos!$A:$A,Base_Enderecos!$C:$C,""),"") | R37: =IF(OR(ISNUMBER(SEARCH("HDD",$F37)),ISNUMBER(SEARCH("MND",$F37)),ISNUMBER(SEARCH("PEAD",$F37)),ISNUMBER(SEARCH("Puxe",$J37)),ISNUMBER(SEARCH("Apoio HDD",$F37))),"MND",IF(OR(ISNUMBER(SEARCH("VCA",$F37)),ISNUMBER(SEARCH("PVC",$F37)),ISNUMBER(SEARCH("vca",$J37)),ISNUMBER(SEARCH("Transformação",$J37))),"VCA",IF(OR(ISNUMBER(SEARCH("crava",$F37)),ISNUMBER(SEARCH("tubo cravado",$F37)),ISNUMBER(SEARCH("shaft",$J37)),ISNUMBER(SEARCH("concreto",$F37))),"TUBO CRAVADO",""))) | T37: =IF($A37="","",TEXT($A37,"yyyymm")&"|"&$C37&"|"&$F37&"|"&$N37&"|"&$R37)
A38: 45995 | B38: Quinta | C38: Mar de Coral | E38: LS | F38: Escavação mecânica e montagem de armco PV 01 | G38: 01 | I38: 01 | J38: Escavação | K38: Planejamento | L38: PDS-dezembro(1).docx | M38: =IF($A38="","",TEXT($A38,"mmmm/yyyy")) | P38: =IFERROR(_xludf.XLOOKUP($N38,Base_Enderecos!$A:$A,Base_Enderecos!$B:$B,""),"") | Q38: =IFERROR(_xludf.XLOOKUP($N38,Base_Enderecos!$A:$A,Base_Enderecos!$C:$C,""),"") | R38: =IF(OR(ISNUMBER(SEARCH("HDD",$F38)),ISNUMBER(SEARCH("MND",$F38)),ISNUMBER(SEARCH("PEAD",$F38)),ISNUMBER(SEARCH("Puxe",$J38)),ISNUMBER(SEARCH("Apoio HDD",$F38))),"MND",IF(OR(ISNUMBER(SEARCH("VCA",$F38)),ISNUMBER(SEARCH("PVC",$F38)),ISNUMBER(SEARCH("vca",$J38)),ISNUMBER(SEARCH("Transformação",$J38))),"VCA",IF(OR(ISNUMBER(SEARCH("crava",$F38)),ISNUMBER(SEARCH("tubo cravado",$F38)),ISNUMBER(SEARCH("shaft",$J38)),ISNUMBER(SEARCH("concreto",$F38))),"TUBO CRAVADO",""))) | T38: =IF($A38="","",TEXT($A38,"yyyymm")&"|"&$C38&"|"&$F38&"|"&$N38&"|"&$R38)
A39: 45995 | B39: Quinta | C39: CT Lageado | E39: Cesar | F39: transformar PV 5.1 | G39: 5.1 | I39: 5.1 | K39: Planejamento | L39: PDS-dezembro(1).docx | M39: =IF($A39="","",TEXT($A39,"mmmm/yyyy")) | P39: =IFERROR(_xludf.XLOOKUP($N39,Base_Enderecos!$A:$A,Base_Enderecos!$B:$B,""),"") | Q39: =IFERROR(_xludf.XLOOKUP($N39,Base_Enderecos!$A:$A,Base_Enderecos!$C:$C,""),"") | R39: =IF(OR(ISNUMBER(SEARCH("HDD",$F39)),ISNUMBER(SEARCH("MND",$F39)),ISNUMBER(SEARCH("PEAD",$F39)),ISNUMBER(SEARCH("Puxe",$J39)),ISNUMBER(SEARCH("Apoio HDD",$F39))),"MND",IF(OR(ISNUMBER(SEARCH("VCA",$F39)),ISNUMBER(SEARCH("PVC",$F39)),ISNUMBER(SEARCH("vca",$J39)),ISNUMBER(SEARCH("Transformação",$J39))),"VCA",IF(OR(ISNUMBER(SEARCH("crava",$F39)),ISNUMBER(SEARCH("tubo cravado",$F39)),ISNUMBER(SEARCH("shaft",$J39)),ISNUMBER(SEARCH("concreto",$F39))),"TUBO CRAVADO",""))) | T39: =IF($A39="","",TEXT($A39,"yyyymm")&"|"&$C39&"|"&$F39&"|"&$N39&"|"&$R39)
A40: 45995 | B40: Quinta | C40: CT Lageado | E40: Higor | F40: Transformar PV 1.5 | G40: 1.5 | I40: 1.5 | K40: Planejamento | L40: PDS-dezembro(1).docx | M40: =IF($A40="","",TEXT($A40,"mmmm/yyyy")) | P40: =IFERROR(_xludf.XLOOKUP($N40,Base_Enderecos!$A:$A,Base_Enderecos!$B:$B,""),"") | Q40: =IFERROR(_xludf.XLOOKUP($N40,Base_Enderecos!$A:$A,Base_Enderecos!$C:$C,""),"") | R40: =IF(OR(ISNUMBER(SEARCH("HDD",$F40)),ISNUMBER(SEARCH("MND",$F40)),ISNUMBER(SEARCH("PEAD",$F40)),ISNUMBER(SEARCH("Puxe",$J40)),ISNUMBER(SEARCH("Apoio HDD",$F40))),"MND",IF(OR(ISNUMBER(SEARCH("VCA",$F40)),ISNUMBER(SEARCH("PVC",$F40)),ISNUMBER(SEARCH("vca",$J40)),ISNUMBER(SEARCH("Transformação",$J40))),"VCA",IF(OR(ISNUMBER(SEARCH("crava",$F40)),ISNUMBER(SEARCH("tubo cravado",$F40)),ISNUMBER(SEARCH("shaft",$J40)),ISNUMBER(SEARCH("concreto",$F40))),"TUBO CRAVADO",""))) | T40: =IF($A40="","",TEXT($A40,"yyyymm")&"|"&$C40&"|"&$F40&"|"&$N40&"|"&$R40)
A41: 45995 | B41: Quinta | C41: CT Lageado | E41: Natalino | F41: Apoio HDD entre PVs 08 a 8.1 | G41: 08 | I41: 08 | J41: Apoio HDD | K41: Planejamento | L41: PDS-dezembro(1).docx | M41: =IF($A41="","",TEXT($A41,"mmmm/yyyy")) | P41: =IFERROR(_xludf.XLOOKUP($N41,Base_Enderecos!$A:$A,Base_Enderecos!$B:$B,""),"") | Q41: =IFERROR(_xludf.XLOOKUP($N41,Base_Enderecos!$A:$A,Base_Enderecos!$C:$C,""),"") | R41: =IF(OR(ISNUMBER(SEARCH("HDD",$F41)),ISNUMBER(SEARCH("MND",$F41)),ISNUMBER(SEARCH("PEAD",$F41)),ISNUMBER(SEARCH("Puxe",$J41)),ISNUMBER(SEARCH("Apoio HDD",$F41))),"MND",IF(OR(ISNUMBER(SEARCH("VCA",$F41)),ISNUMBER(SEARCH("PVC",$F41)),ISNUMBER(SEARCH("vca",$J41)),ISNUMBER(SEARCH("Transformação",$J41))),"VCA",IF(OR(ISNUMBER(SEARCH("crava",$F41)),ISNUMBER(SEARCH("tubo cravado",$F41)),ISNUMBER(SEARCH("shaft",$J41)),ISNUMBER(SEARCH("concreto",$F41))),"TUBO CRAVADO",""))) | T41: =IF($A41="","",TEXT($A41,"yyyymm")&"|"&$C41&"|"&$F41&"|"&$N41&"|"&$R41)
A42: 45995 | B42: Quinta | C42: CT Lageado | E42: Edivando | F42: Transformação PV 1.1 | G42: 1.1 | I42: 1.1 | J42: Transformação | K42: Planejamento | L42: PDS-dezembro(1).docx | M42: =IF($A42="","",TEXT($A42,"mmmm/yyyy")) | P42: =IFERROR(_xludf.XLOOKUP($N42,Base_Enderecos!$A:$A,Base_Enderecos!$B:$B,""),"") | Q42: =IFERROR(_xludf.XLOOKUP($N42,Base_Enderecos!$A:$A,Base_Enderecos!$C:$C,""),"") | R42: =IF(OR(ISNUMBER(SEARCH("HDD",$F42)),ISNUMBER(SEARCH("MND",$F42)),ISNUMBER(SEARCH("PEAD",$F42)),ISNUMBER(SEARCH("Puxe",$J42)),ISNUMBER(SEARCH("Apoio HDD",$F42))),"MND",IF(OR(ISNUMBER(SEARCH("VCA",$F42)),ISNUMBER(SEARCH("PVC",$F42)),ISNUMBER(SEARCH("vca",$J42)),ISNUMBER(SEARCH("Transformação",$J42))),"VCA",IF(OR(ISNUMBER(SEARCH("crava",$F42)),ISNUMBER(SEARCH("tubo cravado",$F42)),ISNUMBER(SEARCH("shaft",$J42)),ISNUMBER(SEARCH("concreto",$F42))),"TUBO CRAVADO",""))) | T42: =IF($A42="","",TEXT($A42,"yyyymm")&"|"&$C42&"|"&$F42&"|"&$N42&"|"&$R42)
A43: 45995 | B43: Quinta | C43: CT Lageado | E43: WJ (Edson) | F43: Execução do furo piloto entre os PVs 08 ao 8.1 | G43: 08 | I43: 08 | J43: Furo piloto | K43: Planejamento | L43: PDS-dezembro(1).docx | M43: =IF($A43="","",TEXT($A43,"mmmm/yyyy")) | P43: =IFERROR(_xludf.XLOOKUP($N43,Base_Enderecos!$A:$A,Base_Enderecos!$B:$B,""),"") | Q43: =IFERROR(_xludf.XLOOKUP($N43,Base_Enderecos!$A:$A,Base_Enderecos!$C:$C,""),"") | R43: =IF(OR(ISNUMBER(SEARCH("HDD",$F43)),ISNUMBER(SEARCH("MND",$F43)),ISNUMBER(SEARCH("PEAD",$F43)),ISNUMBER(SEARCH("Puxe",$J43)),ISNUMBER(SEARCH("Apoio HDD",$F43))),"MND",IF(OR(ISNUMBER(SEARCH("VCA",$F43)),ISNUMBER(SEARCH("PVC",$F43)),ISNUMBER(SEARCH("vca",$J43)),ISNUMBER(SEARCH("Transformação",$J43))),"VCA",IF(OR(ISNUMBER(SEARCH("crava",$F43)),ISNUMBER(SEARCH("tubo cravado",$F43)),ISNUMBER(SEARCH("shaft",$J43)),ISNUMBER(SEARCH("concreto",$F43))),"TUBO CRAVADO",""))) | T43: =IF($A43="","",TEXT($A43,"yyyymm")&"|"&$C43&"|"&$F43&"|"&$N43&"|"&$R43)
A44: 45995 | B44: Quinta | C44: CT Lageado | E44: Fabrício | F44: Apoio HDD entre PVs 07 a 7.1 | G44: 07 | I44: 07 | J44: Apoio HDD | K44: Planejamento | L44: PDS-dezembro(1).docx | M44: =IF($A44="","",TEXT($A44,"mmmm/yyyy")) | P44: =IFERROR(_xludf.XLOOKUP($N44,Base_Enderecos!$A:$A,Base_Enderecos!$B:$B,""),"") | Q44: =IFERROR(_xludf.XLOOKUP($N44,Base_Enderecos!$A:$A,Base_Enderecos!$C:$C,""),"") | R44: =IF(OR(ISNUMBER(SEARCH("HDD",$F44)),ISNUMBER(SEARCH("MND",$F44)),ISNUMBER(SEARCH("PEAD",$F44)),ISNUMBER(SEARCH("Puxe",$J44)),ISNUMBER(SEARCH("Apoio HDD",$F44))),"MND",IF(OR(ISNUMBER(SEARCH("VCA",$F44)),ISNUMBER(SEARCH("PVC",$F44)),ISNUMBER(SEARCH("vca",$J44)),ISNUMBER(SEARCH("Transformação",$J44))),"VCA",IF(OR(ISNUMBER(SEARCH("crava",$F44)),ISNUMBER(SEARCH("tubo cravado",$F44)),ISNUMBER(SEARCH("shaft",$J44)),ISNUMBER(SEARCH("concreto",$F44))),"TUBO CRAVADO",""))) | T44: =IF($A44="","",TEXT($A44,"yyyymm")&"|"&$C44&"|"&$F44&"|"&$N44&"|"&$R44)
A45: 45995 | B45: Quinta | C45: CT Lageado | E45: Work Drill Bruno | F45: Execução do furo piloto entre os PVs 07 ao 7.1 | G45: 07 | I45: 07 | J45: Furo piloto | K45: Planejamento | L45: PDS-dezembro(1).docx | M45: =IF($A45="","",TEXT($A45,"mmmm/yyyy")) | P45: =IFERROR(_xludf.XLOOKUP($N45,Base_Enderecos!$A:$A,Base_Enderecos!$B:$B,""),"") | Q45: =IFERROR(_xludf.XLOOKUP($N45,Base_Enderecos!$A:$A,Base_Enderecos!$C:$C,""),"") | R45: =IF(OR(ISNUMBER(SEARCH("HDD",$F45)),ISNUMBER(SEARCH("MND",$F45)),ISNUMBER(SEARCH("PEAD",$F45)),ISNUMBER(SEARCH("Puxe",$J45)),ISNUMBER(SEARCH("Apoio HDD",$F45))),"MND",IF(OR(ISNUMBER(SEARCH("VCA",$F45)),ISNUMBER(SEARCH("PVC",$F45)),ISNUMBER(SEARCH("vca",$J45)),ISNUMBER(SEARCH("Transformação",$J45))),"VCA",IF(OR(ISNUMBER(SEARCH("crava",$F45)),ISNUMBER(SEARCH("tubo cravado",$F45)),ISNUMBER(SEARCH("shaft",$J45)),ISNUMBER(SEARCH("concreto",$F45))),"TUBO CRAVADO",""))) | T45: =IF($A45="","",TEXT($A45,"yyyymm")&"|"&$C45&"|"&$F45&"|"&$N45&"|"&$R45)
A46: 45995 | B46: Quinta | C46: CT Lageado | E46: Valter | F46: Transformação PV 4.1 | G46: 4.1 | I46: 4.1 | J46: Transformação | K46: Planejamento | L46: PDS-dezembro(1).docx | M46: =IF($A46="","",TEXT($A46,"mmmm/yyyy")) | P46: =IFERROR(_xludf.XLOOKUP($N46,Base_Enderecos!$A:$A,Base_Enderecos!$B:$B,""),"") | Q46: =IFERROR(_xludf.XLOOKUP($N46,Base_Enderecos!$A:$A,Base_Enderecos!$C:$C,""),"") | R46: =IF(OR(ISNUMBER(SEARCH("HDD",$F46)),ISNUMBER(SEARCH("MND",$F46)),ISNUMBER(SEARCH("PEAD",$F46)),ISNUMBER(SEARCH("Puxe",$J46)),ISNUMBER(SEARCH("Apoio HDD",$F46))),"MND",IF(OR(ISNUMBER(SEARCH("VCA",$F46)),ISNUMBER(SEARCH("PVC",$F46)),ISNUMBER(SEARCH("vca",$J46)),ISNUMBER(SEARCH("Transformação",$J46))),"VCA",IF(OR(ISNUMBER(SEARCH("crava",$F46)),ISNUMBER(SEARCH("tubo cravado",$F46)),ISNUMBER(SEARCH("shaft",$J46)),ISNUMBER(SEARCH("concreto",$F46))),"TUBO CRAVADO",""))) | T46: =IF($A46="","",TEXT($A46,"yyyymm")&"|"&$C46&"|"&$F46&"|"&$N46&"|"&$R46)
A47: 45995 | B47: Quinta | C47: CT Lageado | E47: Marcio | F47: Apoio HDD entre PVs 05 a 08 | G47: 05 | I47: 05 | J47: Apoio HDD | K47: Planejamento | L47: PDS-dezembro(1).docx | M47: =IF($A47="","",TEXT($A47,"mmmm/yyyy")) | P47: =IFERROR(_xludf.XLOOKUP($N47,Base_Enderecos!$A:$A,Base_Enderecos!$B:$B,""),"") | Q47: =IFERROR(_xludf.XLOOKUP($N47,Base_Enderecos!$A:$A,Base_Enderecos!$C:$C,""),"") | R47: =IF(OR(ISNUMBER(SEARCH("HDD",$F47)),ISNUMBER(SEARCH("MND",$F47)),ISNUMBER(SEARCH("PEAD",$F47)),ISNUMBER(SEARCH("Puxe",$J47)),ISNUMBER(SEARCH("Apoio HDD",$F47))),"MND",IF(OR(ISNUMBER(SEARCH("VCA",$F47)),ISNUMBER(SEARCH("PVC",$F47)),ISNUMBER(SEARCH("vca",$J47)),ISNUMBER(SEARCH("Transformação",$J47))),"VCA",IF(OR(ISNUMBER(SEARCH("crava",$F47)),ISNUMBER(SEARCH("tubo cravado",$F47)),ISNUMBER(SEARCH("shaft",$J47)),ISNUMBER(SEARCH("concreto",$F47))),"TUBO CRAVADO",""))) | T47: =IF($A47="","",TEXT($A47,"yyyymm")&"|"&$C47&"|"&$F47&"|"&$N47&"|"&$R47)
A48: 45995 | B48: Quinta | C48: CT Lageado | E48: WJ (Alex) | F48: Execução do furo piloto entre os PVs 05 ao 08 | G48: 05 | I48: 05 | J48: Furo piloto | K48: Planejamento | L48: PDS-dezembro(1).docx | M48: =IF($A48="","",TEXT($A48,"mmmm/yyyy")) | P48: =IFERROR(_xludf.XLOOKUP($N48,Base_Enderecos!$A:$A,Base_Enderecos!$B:$B,""),"") | Q48: =IFERROR(_xludf.XLOOKUP($N48,Base_Enderecos!$A:$A,Base_Enderecos!$C:$C,""),"") | R48: =IF(OR(ISNUMBER(SEARCH("HDD",$F48)),ISNUMBER(SEARCH("MND",$F48)),ISNUMBER(SEARCH("PEAD",$F48)),ISNUMBER(SEARCH("Puxe",$J48)),ISNUMBER(SEARCH("Apoio HDD",$F48))),"MND",IF(OR(ISNUMBER(SEARCH("VCA",$F48)),ISNUMBER(SEARCH("PVC",$F48)),ISNUMBER(SEARCH("vca",$J48)),ISNUMBER(SEARCH("Transformação",$J48))),"VCA",IF(OR(ISNUMBER(SEARCH("crava",$F48)),ISNUMBER(SEARCH("tubo cravado",$F48)),ISNUMBER(SEARCH("shaft",$J48)),ISNUMBER(SEARCH("concreto",$F48))),"TUBO CRAVADO",""))) | T48: =IF($A48="","",TEXT($A48,"yyyymm")&"|"&$C48&"|"&$F48&"|"&$N48&"|"&$R48)
A49: 45995 | B49: Quinta | C49: CT Benfica | E49: Marcelo | F49: Transformação e interligação PV 12 | G49: 12 | I49: 12 | J49: Transformação | K49: Planejamento | L49: PDS-dezembro(1).docx | M49: =IF($A49="","",TEXT($A49,"mmmm/yyyy")) | P49: =IFERROR(_xludf.XLOOKUP($N49,Base_Enderecos!$A:$A,Base_Enderecos!$B:$B,""),"") | Q49: =IFERROR(_xludf.XLOOKUP($N49,Base_Enderecos!$A:$A,Base_Enderecos!$C:$C,""),"") | R49: =IF(OR(ISNUMBER(SEARCH("HDD",$F49)),ISNUMBER(SEARCH("MND",$F49)),ISNUMBER(SEARCH("PEAD",$F49)),ISNUMBER(SEARCH("Puxe",$J49)),ISNUMBER(SEARCH("Apoio HDD",$F49))),"MND",IF(OR(ISNUMBER(SEARCH("VCA",$F49)),ISNUMBER(SEARCH("PVC",$F49)),ISNUMBER(SEARCH("vca",$J49)),ISNUMBER(SEARCH("Transformação",$J49))),"VCA",IF(OR(ISNUMBER(SEARCH("crava",$F49)),ISNUMBER(SEARCH("tubo cravado",$F49)),ISNUMBER(SEARCH("shaft",$J49)),ISNUMBER(SEARCH("concreto",$F49))),"TUBO CRAVADO",""))) | T49: =IF($A49="","",TEXT($A49,"yyyymm")&"|"&$C49&"|"&$F49&"|"&$N49&"|"&$R49)
A50: 45995 | B50: Quinta | C50: Demais trabalhos | E50: Guindauto (Rodrigo) | F50: Apoio as equipes | K50: Planejamento | L50: PDS-dezembro(1).docx | M50: =IF($A50="","",TEXT($A50,"mmmm/yyyy")) | P50: =IFERROR(_xludf.XLOOKUP($N50,Base_Enderecos!$A:$A,Base_Enderecos!$B:$B,""),"") | Q50: =IFERROR(_xludf.XLOOKUP($N50,Base_Enderecos!$A:$A,Base_Enderecos!$C:$C,""),"") | R50: =IF(OR(ISNUMBER(SEARCH("HDD",$F50)),ISNUMBER(SEARCH("MND",$F50)),ISNUMBER(SEARCH("PEAD",$F50)),ISNUMBER(SEARCH("Puxe",$J50)),ISNUMBER(SEARCH("Apoio HDD",$F50))),"MND",IF(OR(ISNUMBER(SEARCH("VCA",$F50)),ISNUMBER(SEARCH("PVC",$F50)),ISNUMBER(SEARCH("vca",$J50)),ISNUMBER(SEARCH("Transformação",$J50))),"VCA",IF(OR(ISNUMBER(SEARCH("crava",$F50)),ISNUMBER(SEARCH("tubo cravado",$F50)),ISNUMBER(SEARCH("shaft",$J50)),ISNUMBER(SEARCH("concreto",$F50))),"TUBO CRAVADO",""))) | T50: =IF($A50="","",TEXT($A50,"yyyymm")&"|"&$C50&"|"&$F50&"|"&$N50&"|"&$R50)
A51: 45995 | B51: Quinta | C51: Demais trabalhos | E51: Guindauto (Márcio) | F51: Apoio as Equipe | K51: Planejamento | L51: PDS-dezembro(1).docx | M51: =IF($A51="","",TEXT($A51,"mmmm/yyyy")) | P51: =IFERROR(_xludf.XLOOKUP($N51,Base_Enderecos!$A:$A,Base_Enderecos!$B:$B,""),"") | Q51: =IFERROR(_xludf.XLOOKUP($N51,Base_Enderecos!$A:$A,Base_Enderecos!$C:$C,""),"") | R51: =IF(OR(ISNUMBER(SEARCH("HDD",$F51)),ISNUMBER(SEARCH("MND",$F51)),ISNUMBER(SEARCH("PEAD",$F51)),ISNUMBER(SEARCH("Puxe",$J51)),ISNUMBER(SEARCH("Apoio HDD",$F51))),"MND",IF(OR(ISNUMBER(SEARCH("VCA",$F51)),ISNUMBER(SEARCH("PVC",$F51)),ISNUMBER(SEARCH("vca",$J51)),ISNUMBER(SEARCH("Transformação",$J51))),"VCA",IF(OR(ISNUMBER(SEARCH("crava",$F51)),ISNUMBER(SEARCH("tubo cravado",$F51)),ISNUMBER(SEARCH("shaft",$J51)),ISNUMBER(SEARCH("concreto",$F51))),"TUBO CRAVADO",""))) | T51: =IF($A51="","",TEXT($A51,"yyyymm")&"|"&$C51&"|"&$F51&"|"&$N51&"|"&$R51)
A52: 45995 | B52: Quinta | C52: Vacal | E52: Apoio Marcio PV 05 Lageado | F52: Apoio Vacal | J52: Vacal | K52: Apoio | L52: PDS-dezembro(1).docx | M52: =IF($A52="","",TEXT($A52,"mmmm/yyyy")) | P52: =IFERROR(_xludf.XLOOKUP($N52,Base_Enderecos!$A:$A,Base_Enderecos!$B:$B,""),"") | Q52: =IFERROR(_xludf.XLOOKUP($N52,Base_Enderecos!$A:$A,Base_Enderecos!$C:$C,""),"") | R52: =IF(OR(ISNUMBER(SEARCH("HDD",$F52)),ISNUMBER(SEARCH("MND",$F52)),ISNUMBER(SEARCH("PEAD",$F52)),ISNUMBER(SEARCH("Puxe",$J52)),ISNUMBER(SEARCH("Apoio HDD",$F52))),"MND",IF(OR(ISNUMBER(SEARCH("VCA",$F52)),ISNUMBER(SEARCH("PVC",$F52)),ISNUMBER(SEARCH("vca",$J52)),ISNUMBER(SEARCH("Transformação",$J52))),"VCA",IF(OR(ISNUMBER(SEARCH("crava",$F52)),ISNUMBER(SEARCH("tubo cravado",$F52)),ISNUMBER(SEARCH("shaft",$J52)),ISNUMBER(SEARCH("concreto",$F52))),"TUBO CRAVADO",""))) | T52: =IF($A52="","",TEXT($A52,"yyyymm")&"|"&$C52&"|"&$F52&"|"&$N52&"|"&$R52)
A53: 45995 | B53: Quinta | C53: Vacal | E53: Apoio Fabrício PV 07 Lageado | F53: Apoio Vacal | J53: Vacal | K53: Apoio | L53: PDS-dezembro(1).docx | M53: =IF($A53="","",TEXT($A53,"mmmm/yyyy")) | P53: =IFERROR(_xludf.XLOOKUP($N53,Base_Enderecos!$A:$A,Base_Enderecos!$B:$B,""),"") | Q53: =IFERROR(_xludf.XLOOKUP($N53,Base_Enderecos!$A:$A,Base_Enderecos!$C:$C,""),"") | R53: =IF(OR(ISNUMBER(SEARCH("HDD",$F53)),ISNUMBER(SEARCH("MND",$F53)),ISNUMBER(SEARCH("PEAD",$F53)),ISNUMBER(SEARCH("Puxe",$J53)),ISNUMBER(SEARCH("Apoio HDD",$F53))),"MND",IF(OR(ISNUMBER(SEARCH("VCA",$F53)),ISNUMBER(SEARCH("PVC",$F53)),ISNUMBER(SEARCH("vca",$J53)),ISNUMBER(SEARCH("Transformação",$J53))),"VCA",IF(OR(ISNUMBER(SEARCH("crava",$F53)),ISNUMBER(SEARCH("tubo cravado",$F53)),ISNUMBER(SEARCH("shaft",$J53)),ISNUMBER(SEARCH("concreto",$F53))),"TUBO CRAVADO",""))) | T53: =IF($A53="","",TEXT($A53,"yyyymm")&"|"&$C53&"|"&$F53&"|"&$N53&"|"&$R53)
A54: 45996 | B54: Sexta | C54: Miriam | E54: Paulo | F54: VCA PV 57 ao PV 59 | G54: 57 | H54: 59 | I54: 57, 59 | J54: VCA | K54: Planejamento | L54: PDS-dezembro(1).docx | M54: =IF($A54="","",TEXT($A54,"mmmm/yyyy")) | P54: =IFERROR(_xludf.XLOOKUP($N54,Base_Enderecos!$A:$A,Base_Enderecos!$B:$B,""),"") | Q54: =IFERROR(_xludf.XLOOKUP($N54,Base_Enderecos!$A:$A,Base_Enderecos!$C:$C,""),"") | R54: =IF(OR(ISNUMBER(SEARCH("HDD",$F54)),ISNUMBER(SEARCH("MND",$F54)),ISNUMBER(SEARCH("PEAD",$F54)),ISNUMBER(SEARCH("Puxe",$J54)),ISNUMBER(SEARCH("Apoio HDD",$F54))),"MND",IF(OR(ISNUMBER(SEARCH("VCA",$F54)),ISNUMBER(SEARCH("PVC",$F54)),ISNUMBER(SEARCH("vca",$J54)),ISNUMBER(SEARCH("Transformação",$J54))),"VCA",IF(OR(ISNUMBER(SEARCH("crava",$F54)),ISNUMBER(SEARCH("tubo cravado",$F54)),ISNUMBER(SEARCH("shaft",$J54)),ISNUMBER(SEARCH("concreto",$F54))),"TUBO CRAVADO",""))) | T54: =IF($A54="","",TEXT($A54,"yyyymm")&"|"&$C54&"|"&$F54&"|"&$N54&"|"&$R54)
A55: 45996 | B55: Sexta | C55: Mar de Coral | E55: LS | F55: Escavação mecânica e montagem de armco PV 01 | G55: 01 | I55: 01 | J55: Escavação | K55: Planejamento | L55: PDS-dezembro(1).docx | M55: =IF($A55="","",TEXT($A55,"mmmm/yyyy")) | P55: =IFERROR(_xludf.XLOOKUP($N55,Base_Enderecos!$A:$A,Base_Enderecos!$B:$B,""),"") | Q55: =IFERROR(_xludf.XLOOKUP($N55,Base_Enderecos!$A:$A,Base_Enderecos!$C:$C,""),"") | R55: =IF(OR(ISNUMBER(SEARCH("HDD",$F55)),ISNUMBER(SEARCH("MND",$F55)),ISNUMBER(SEARCH("PEAD",$F55)),ISNUMBER(SEARCH("Puxe",$J55)),ISNUMBER(SEARCH("Apoio HDD",$F55))),"MND",IF(OR(ISNUMBER(SEARCH("VCA",$F55)),ISNUMBER(SEARCH("PVC",$F55)),ISNUMBER(SEARCH("vca",$J55)),ISNUMBER(SEARCH("Transformação",$J55))),"VCA",IF(OR(ISNUMBER(SEARCH("crava",$F55)),ISNUMBER(SEARCH("tubo cravado",$F55)),ISNUMBER(SEARCH("shaft",$J55)),ISNUMBER(SEARCH("concreto",$F55))),"TUBO CRAVADO",""))) | T55: =IF($A55="","",TEXT($A55,"yyyymm")&"|"&$C55&"|"&$F55&"|"&$N55&"|"&$R55)
A56: 45996 | B56: Sexta | C56: CT Lageado | E56: Cesar | F56: transformar PV 5.1 | G56: 5.1 | I56: 5.1 | K56: Planejamento | L56: PDS-dezembro(1).docx | M56: =IF($A56="","",TEXT($A56,"mmmm/yyyy")) | P56: =IFERROR(_xludf.XLOOKUP($N56,Base_Enderecos!$A:$A,Base_Enderecos!$B:$B,""),"") | Q56: =IFERROR(_xludf.XLOOKUP($N56,Base_Enderecos!$A:$A,Base_Enderecos!$C:$C,""),"") | R56: =IF(OR(ISNUMBER(SEARCH("HDD",$F56)),ISNUMBER(SEARCH("MND",$F56)),ISNUMBER(SEARCH("PEAD",$F56)),ISNUMBER(SEARCH("Puxe",$J56)),ISNUMBER(SEARCH("Apoio HDD",$F56))),"MND",IF(OR(ISNUMBER(SEARCH("VCA",$F56)),ISNUMBER(SEARCH("PVC",$F56)),ISNUMBER(SEARCH("vca",$J56)),ISNUMBER(SEARCH("Transformação",$J56))),"VCA",IF(OR(ISNUMBER(SEARCH("crava",$F56)),ISNUMBER(SEARCH("tubo cravado",$F56)),ISNUMBER(SEARCH("shaft",$J56)),ISNUMBER(SEARCH("concreto",$F56))),"TUBO CRAVADO",""))) | T56: =IF($A56="","",TEXT($A56,"yyyymm")&"|"&$C56&"|"&$F56&"|"&$N56&"|"&$R56)
A57: 45996 | B57: Sexta | C57: CT Lageado | E57: Higor | F57: transformar PV 03 | G57: 03 | I57: 03 | K57: Planejamento | L57: PDS-dezembro(1).docx | M57: =IF($A57="","",TEXT($A57,"mmmm/yyyy")) | P57: =IFERROR(_xludf.XLOOKUP($N57,Base_Enderecos!$A:$A,Base_Enderecos!$B:$B,""),"") | Q57: =IFERROR(_xludf.XLOOKUP($N57,Base_Enderecos!$A:$A,Base_Enderecos!$C:$C,""),"") | R57: =IF(OR(ISNUMBER(SEARCH("HDD",$F57)),ISNUMBER(SEARCH("MND",$F57)),ISNUMBER(SEARCH("PEAD",$F57)),ISNUMBER(SEARCH("Puxe",$J57)),ISNUMBER(SEARCH("Apoio HDD",$F57))),"MND",IF(OR(ISNUMBER(SEARCH("VCA",$F57)),ISNUMBER(SEARCH("PVC",$F57)),ISNUMBER(SEARCH("vca",$J57)),ISNUMBER(SEARCH("Transformação",$J57))),"VCA",IF(OR(ISNUMBER(SEARCH("crava",$F57)),ISNUMBER(SEARCH("tubo cravado",$F57)),ISNUMBER(SEARCH("shaft",$J57)),ISNUMBER(SEARCH("concreto",$F57))),"TUBO CRAVADO",""))) | T57: =IF($A57="","",TEXT($A57,"yyyymm")&"|"&$C57&"|"&$F57&"|"&$N57&"|"&$R57)
A58: 45996 | B58: Sexta | C58: CT Lageado | E58: Natalino | F58: Apoio HDD entre PVs 08 a 8.1 | G58: 08 | I58: 08 | J58: Apoio HDD | K58: Planejamento | L58: PDS-dezembro(1).docx | M58: =IF($A58="","",TEXT($A58,"mmmm/yyyy")) | P58: =IFERROR(_xludf.XLOOKUP($N58,Base_Enderecos!$A:$A,Base_Enderecos!$B:$B,""),"") | Q58: =IFERROR(_xludf.XLOOKUP($N58,Base_Enderecos!$A:$A,Base_Enderecos!$C:$C,""),"") | R58: =IF(OR(ISNUMBER(SEARCH("HDD",$F58)),ISNUMBER(SEARCH("MND",$F58)),ISNUMBER(SEARCH("PEAD",$F58)),ISNUMBER(SEARCH("Puxe",$J58)),ISNUMBER(SEARCH("Apoio HDD",$F58))),"MND",IF(OR(ISNUMBER(SEARCH("VCA",$F58)),ISNUMBER(SEARCH("PVC",$F58)),ISNUMBER(SEARCH("vca",$J58)),ISNUMBER(SEARCH("Transformação",$J58))),"VCA",IF(OR(ISNUMBER(SEARCH("crava",$F58)),ISNUMBER(SEARCH("tubo cravado",$F58)),ISNUMBER(SEARCH("shaft",$J58)),ISNUMBER(SEARCH("concreto",$F58))),"TUBO CRAVADO",""))) | T58: =IF($A58="","",TEXT($A58,"yyyymm")&"|"&$C58&"|"&$F58&"|"&$N58&"|"&$R58)
A59: 45996 | B59: Sexta | C59: CT Lageado | E59: Edivando | F59: Transformação PV 1.1 | G59: 1.1 | I59: 1.1 | J59: Transformação | K59: Planejamento | L59: PDS-dezembro(1).docx | M59: =IF($A59="","",TEXT($A59,"mmmm/yyyy")) | P59: =IFERROR(_xludf.XLOOKUP($N59,Base_Enderecos!$A:$A,Base_Enderecos!$B:$B,""),"") | Q59: =IFERROR(_xludf.XLOOKUP($N59,Base_Enderecos!$A:$A,Base_Enderecos!$C:$C,""),"") | R59: =IF(OR(ISNUMBER(SEARCH("HDD",$F59)),ISNUMBER(SEARCH("MND",$F59)),ISNUMBER(SEARCH("PEAD",$F59)),ISNUMBER(SEARCH("Puxe",$J59)),ISNUMBER(SEARCH("Apoio HDD",$F59))),"MND",IF(OR(ISNUMBER(SEARCH("VCA",$F59)),ISNUMBER(SEARCH("PVC",$F59)),ISNUMBER(SEARCH("vca",$J59)),ISNUMBER(SEARCH("Transformação",$J59))),"VCA",IF(OR(ISNUMBER(SEARCH("crava",$F59)),ISNUMBER(SEARCH("tubo cravado",$F59)),ISNUMBER(SEARCH("shaft",$J59)),ISNUMBER(SEARCH("concreto",$F59))),"TUBO CRAVADO",""))) | T59: =IF($A59="","",TEXT($A59,"yyyymm")&"|"&$C59&"|"&$F59&"|"&$N59&"|"&$R59)
A60: 45996 | B60: Sexta | C60: CT Lageado | E60: WJ (Edson) | F60: Execução do furo piloto entre os PVs 08 ao 8.1 | G60: 08 | I60: 08 | J60: Furo piloto | K60: Planejamento | L60: PDS-dezembro(1).docx | M60: =IF($A60="","",TEXT($A60,"mmmm/yyyy")) | P60: =IFERROR(_xludf.XLOOKUP($N60,Base_Enderecos!$A:$A,Base_Enderecos!$B:$B,""),"") | Q60: =IFERROR(_xludf.XLOOKUP($N60,Base_Enderecos!$A:$A,Base_Enderecos!$C:$C,""),"") | R60: =IF(OR(ISNUMBER(SEARCH("HDD",$F60)),ISNUMBER(SEARCH("MND",$F60)),ISNUMBER(SEARCH("PEAD",$F60)),ISNUMBER(SEARCH("Puxe",$J60)),ISNUMBER(SEARCH("Apoio HDD",$F60))),"MND",IF(OR(ISNUMBER(SEARCH("VCA",$F60)),ISNUMBER(SEARCH("PVC",$F60)),ISNUMBER(SEARCH("vca",$J60)),ISNUMBER(SEARCH("Transformação",$J60))),"VCA",IF(OR(ISNUMBER(SEARCH("crava",$F60)),ISNUMBER(SEARCH("tubo cravado",$F60)),ISNUMBER(SEARCH("shaft",$J60)),ISNUMBER(SEARCH("concreto",$F60))),"TUBO CRAVADO",""))) | T60: =IF($A60="","",TEXT($A60,"yyyymm")&"|"&$C60&"|"&$F60&"|"&$N60&"|"&$R60)
A61: 45996 | B61: Sexta | C61: CT Lageado | E61: Fabrício | F61: Apoio HDD entre PVs 07 a 7.1 | G61: 07 | I61: 07 | J61: Apoio HDD | K61: Planejamento | L61: PDS-dezembro(1).docx | M61: =IF($A61="","",TEXT($A61,"mmmm/yyyy")) | P61: =IFERROR(_xludf.XLOOKUP($N61,Base_Enderecos!$A:$A,Base_Enderecos!$B:$B,""),"") | Q61: =IFERROR(_xludf.XLOOKUP($N61,Base_Enderecos!$A:$A,Base_Enderecos!$C:$C,""),"") | R61: =IF(OR(ISNUMBER(SEARCH("HDD",$F61)),ISNUMBER(SEARCH("MND",$F61)),ISNUMBER(SEARCH("PEAD",$F61)),ISNUMBER(SEARCH("Puxe",$J61)),ISNUMBER(SEARCH("Apoio HDD",$F61))),"MND",IF(OR(ISNUMBER(SEARCH("VCA",$F61)),ISNUMBER(SEARCH("PVC",$F61)),ISNUMBER(SEARCH("vca",$J61)),ISNUMBER(SEARCH("Transformação",$J61))),"VCA",IF(OR(ISNUMBER(SEARCH("crava",$F61)),ISNUMBER(SEARCH("tubo cravado",$F61)),ISNUMBER(SEARCH("shaft",$J61)),ISNUMBER(SEARCH("concreto",$F61))),"TUBO CRAVADO",""))) | T61: =IF($A61="","",TEXT($A61,"yyyymm")&"|"&$C61&"|"&$F61&"|"&$N61&"|"&$R61)
A62: 45996 | B62: Sexta | C62: CT Lageado | E62: Work Drill Bruno | F62: Passagem de tubo entre os PVs 07 ao 7.1 | G62: 07 | I62: 07 | J62: Passagem de tubo | K62: Planejamento | L62: PDS-dezembro(1).docx | M62: =IF($A62="","",TEXT($A62,"mmmm/yyyy")) | P62: =IFERROR(_xludf.XLOOKUP($N62,Base_Enderecos!$A:$A,Base_Enderecos!$B:$B,""),"") | Q62: =IFERROR(_xludf.XLOOKUP($N62,Base_Enderecos!$A:$A,Base_Enderecos!$C:$C,""),"") | R62: =IF(OR(ISNUMBER(SEARCH("HDD",$F62)),ISNUMBER(SEARCH("MND",$F62)),ISNUMBER(SEARCH("PEAD",$F62)),ISNUMBER(SEARCH("Puxe",$J62)),ISNUMBER(SEARCH("Apoio HDD",$F62))),"MND",IF(OR(ISNUMBER(SEARCH("VCA",$F62)),ISNUMBER(SEARCH("PVC",$F62)),ISNUMBER(SEARCH("vca",$J62)),ISNUMBER(SEARCH("Transformação",$J62))),"VCA",IF(OR(ISNUMBER(SEARCH("crava",$F62)),ISNUMBER(SEARCH("tubo cravado",$F62)),ISNUMBER(SEARCH("shaft",$J62)),ISNUMBER(SEARCH("concreto",$F62))),"TUBO CRAVADO",""))) | T62: =IF($A62="","",TEXT($A62,"yyyymm")&"|"&$C62&"|"&$F62&"|"&$N62&"|"&$R62)
A63: 45996 | B63: Sexta | C63: CT Lageado | E63: Valter | F63: Transformação PV 4.1 | G63: 4.1 | I63: 4.1 | J63: Transformação | K63: Planejamento | L63: PDS-dezembro(1).docx | M63: =IF($A63="","",TEXT($A63,"mmmm/yyyy")) | P63: =IFERROR(_xludf.XLOOKUP($N63,Base_Enderecos!$A:$A,Base_Enderecos!$B:$B,""),"") | Q63: =IFERROR(_xludf.XLOOKUP($N63,Base_Enderecos!$A:$A,Base_Enderecos!$C:$C,""),"") | R63: =IF(OR(ISNUMBER(SEARCH("HDD",$F63)),ISNUMBER(SEARCH("MND",$F63)),ISNUMBER(SEARCH("PEAD",$F63)),ISNUMBER(SEARCH("Puxe",$J63)),ISNUMBER(SEARCH("Apoio HDD",$F63))),"MND",IF(OR(ISNUMBER(SEARCH("VCA",$F63)),ISNUMBER(SEARCH("PVC",$F63)),ISNUMBER(SEARCH("vca",$J63)),ISNUMBER(SEARCH("Transformação",$J63))),"VCA",IF(OR(ISNUMBER(SEARCH("crava",$F63)),ISNUMBER(SEARCH("tubo cravado",$F63)),ISNUMBER(SEARCH("shaft",$J63)),ISNUMBER(SEARCH("concreto",$F63))),"TUBO CRAVADO",""))) | T63: =IF($A63="","",TEXT($A63,"yyyymm")&"|"&$C63&"|"&$F63&"|"&$N63&"|"&$R63)
A64: 45996 | B64: Sexta | C64: CT Lageado | E64: Marcio | F64: Apoio HDD entre PVs 05 a 07 | G64: 05 | I64: 05 | J64: Apoio HDD | K64: Planejamento | L64: PDS-dezembro(1).docx | M64: =IF($A64="","",TEXT($A64,"mmmm/yyyy")) | P64: =IFERROR(_xludf.XLOOKUP($N64,Base_Enderecos!$A:$A,Base_Enderecos!$B:$B,""),"") | Q64: =IFERROR(_xludf.XLOOKUP($N64,Base_Enderecos!$A:$A,Base_Enderecos!$C:$C,""),"") | R64: =IF(OR(ISNUMBER(SEARCH("HDD",$F64)),ISNUMBER(SEARCH("MND",$F64)),ISNUMBER(SEARCH("PEAD",$F64)),ISNUMBER(SEARCH("Puxe",$J64)),ISNUMBER(SEARCH("Apoio HDD",$F64))),"MND",IF(OR(ISNUMBER(SEARCH("VCA",$F64)),ISNUMBER(SEARCH("PVC",$F64)),ISNUMBER(SEARCH("vca",$J64)),ISNUMBER(SEARCH("Transformação",$J64))),"VCA",IF(OR(ISNUMBER(SEARCH("crava",$F64)),ISNUMBER(SEARCH("tubo cravado",$F64)),ISNUMBER(SEARCH("shaft",$J64)),ISNUMBER(SEARCH("concreto",$F64))),"TUBO CRAVADO",""))) | T64: =IF($A64="","",TEXT($A64,"yyyymm")&"|"&$C64&"|"&$F64&"|"&$N64&"|"&$R64)
A65: 45996 | B65: Sexta | C65: CT Lageado | E65: WJ (Alex) | F65: Passagem de tubo entre os PVs 05 ao 07 | G65: 05 | I65: 05 | J65: Passagem de tubo | K65: Planejamento | L65: PDS-dezembro(1).docx | M65: =IF($A65="","",TEXT($A65,"mmmm/yyyy")) | P65: =IFERROR(_xludf.XLOOKUP($N65,Base_Enderecos!$A:$A,Base_Enderecos!$B:$B,""),"") | Q65: =IFERROR(_xludf.XLOOKUP($N65,Base_Enderecos!$A:$A,Base_Enderecos!$C:$C,""),"") | R65: =IF(OR(ISNUMBER(SEARCH("HDD",$F65)),ISNUMBER(SEARCH("MND",$F65)),ISNUMBER(SEARCH("PEAD",$F65)),ISNUMBER(SEARCH("Puxe",$J65)),ISNUMBER(SEARCH("Apoio HDD",$F65))),"MND",IF(OR(ISNUMBER(SEARCH("VCA",$F65)),ISNUMBER(SEARCH("PVC",$F65)),ISNUMBER(SEARCH("vca",$J65)),ISNUMBER(SEARCH("Transformação",$J65))),"VCA",IF(OR(ISNUMBER(SEARCH("crava",$F65)),ISNUMBER(SEARCH("tubo cravado",$F65)),ISNUMBER(SEARCH("shaft",$J65)),ISNUMBER(SEARCH("concreto",$F65))),"TUBO CRAVADO",""))) | T65: =IF($A65="","",TEXT($A65,"yyyymm")&"|"&$C65&"|"&$F65&"|"&$N65&"|"&$R65)
A66: 45996 | B66: Sexta | C66: CT Benfica | E66: Marcelo | F66: Acabamento entre os PVs 11 e 12 | G66: 11 | I66: 11 | J66: Acabamento | K66: Planejamento | L66: PDS-dezembro(1).docx | M66: =IF($A66="","",TEXT($A66,"mmmm/yyyy")) | P66: =IFERROR(_xludf.XLOOKUP($N66,Base_Enderecos!$A:$A,Base_Enderecos!$B:$B,""),"") | Q66: =IFERROR(_xludf.XLOOKUP($N66,Base_Enderecos!$A:$A,Base_Enderecos!$C:$C,""),"") | R66: =IF(OR(ISNUMBER(SEARCH("HDD",$F66)),ISNUMBER(SEARCH("MND",$F66)),ISNUMBER(SEARCH("PEAD",$F66)),ISNUMBER(SEARCH("Puxe",$J66)),ISNUMBER(SEARCH("Apoio HDD",$F66))),"MND",IF(OR(ISNUMBER(SEARCH("VCA",$F66)),ISNUMBER(SEARCH("PVC",$F66)),ISNUMBER(SEARCH("vca",$J66)),ISNUMBER(SEARCH("Transformação",$J66))),"VCA",IF(OR(ISNUMBER(SEARCH("crava",$F66)),ISNUMBER(SEARCH("tubo cravado",$F66)),ISNUMBER(SEARCH("shaft",$J66)),ISNUMBER(SEARCH("concreto",$F66))),"TUBO CRAVADO",""))) | T66: =IF($A66="","",TEXT($A66,"yyyymm")&"|"&$C66&"|"&$F66&"|"&$N66&"|"&$R66)
A67: 45996 | B67: Sexta | C67: Demais trabalhos | E67: Guindauto (Rodrigo) | F67: Apoio as equipes | K67: Planejamento | L67: PDS-dezembro(1).docx | M67: =IF($A67="","",TEXT($A67,"mmmm/yyyy")) | P67: =IFERROR(_xludf.XLOOKUP($N67,Base_Enderecos!$A:$A,Base_Enderecos!$B:$B,""),"") | Q67: =IFERROR(_xludf.XLOOKUP($N67,Base_Enderecos!$A:$A,Base_Enderecos!$C:$C,""),"") | R67: =IF(OR(ISNUMBER(SEARCH("HDD",$F67)),ISNUMBER(SEARCH("MND",$F67)),ISNUMBER(SEARCH("PEAD",$F67)),ISNUMBER(SEARCH("Puxe",$J67)),ISNUMBER(SEARCH("Apoio HDD",$F67))),"MND",IF(OR(ISNUMBER(SEARCH("VCA",$F67)),ISNUMBER(SEARCH("PVC",$F67)),ISNUMBER(SEARCH("vca",$J67)),ISNUMBER(SEARCH("Transformação",$J67))),"VCA",IF(OR(ISNUMBER(SEARCH("crava",$F67)),ISNUMBER(SEARCH("tubo cravado",$F67)),ISNUMBER(SEARCH("shaft",$J67)),ISNUMBER(SEARCH("concreto",$F67))),"TUBO CRAVADO",""))) | T67: =IF($A67="","",TEXT($A67,"yyyymm")&"|"&$C67&"|"&$F67&"|"&$N67&"|"&$R67)
A68: 45996 | B68: Sexta | C68: Demais trabalhos | E68: Guindauto (Márcio) | F68: Apoio as Equipe | K68: Planejamento | L68: PDS-dezembro(1).docx | M68: =IF($A68="","",TEXT($A68,"mmmm/yyyy")) | P68: =IFERROR(_xludf.XLOOKUP($N68,Base_Enderecos!$A:$A,Base_Enderecos!$B:$B,""),"") | Q68: =IFERROR(_xludf.XLOOKUP($N68,Base_Enderecos!$A:$A,Base_Enderecos!$C:$C,""),"") | R68: =IF(OR(ISNUMBER(SEARCH("HDD",$F68)),ISNUMBER(SEARCH("MND",$F68)),ISNUMBER(SEARCH("PEAD",$F68)),ISNUMBER(SEARCH("Puxe",$J68)),ISNUMBER(SEARCH("Apoio HDD",$F68))),"MND",IF(OR(ISNUMBER(SEARCH("VCA",$F68)),ISNUMBER(SEARCH("PVC",$F68)),ISNUMBER(SEARCH("vca",$J68)),ISNUMBER(SEARCH("Transformação",$J68))),"VCA",IF(OR(ISNUMBER(SEARCH("crava",$F68)),ISNUMBER(SEARCH("tubo cravado",$F68)),ISNUMBER(SEARCH("shaft",$J68)),ISNUMBER(SEARCH("concreto",$F68))),"TUBO CRAVADO",""))) | T68: =IF($A68="","",TEXT($A68,"yyyymm")&"|"&$C68&"|"&$F68&"|"&$N68&"|"&$R68)
A69: 45996 | B69: Sexta | C69: Vacal | E69: Apoio Natalino PV 07 Lageado | F69: Apoio Vacal | J69: Vacal | K69: Apoio | L69: PDS-dezembro(1).docx | M69: =IF($A69="","",TEXT($A69,"mmmm/yyyy")) | P69: =IFERROR(_xludf.XLOOKUP($N69,Base_Enderecos!$A:$A,Base_Enderecos!$B:$B,""),"") | Q69: =IFERROR(_xludf.XLOOKUP($N69,Base_Enderecos!$A:$A,Base_Enderecos!$C:$C,""),"") | R69: =IF(OR(ISNUMBER(SEARCH("HDD",$F69)),ISNUMBER(SEARCH("MND",$F69)),ISNUMBER(SEARCH("PEAD",$F69)),ISNUMBER(SEARCH("Puxe",$J69)),ISNUMBER(SEARCH("Apoio HDD",$F69))),"MND",IF(OR(ISNUMBER(SEARCH("VCA",$F69)),ISNUMBER(SEARCH("PVC",$F69)),ISNUMBER(SEARCH("vca",$J69)),ISNUMBER(SEARCH("Transformação",$J69))),"VCA",IF(OR(ISNUMBER(SEARCH("crava",$F69)),ISNUMBER(SEARCH("tubo cravado",$F69)),ISNUMBER(SEARCH("shaft",$J69)),ISNUMBER(SEARCH("concreto",$F69))),"TUBO CRAVADO",""))) | T69: =IF($A69="","",TEXT($A69,"yyyymm")&"|"&$C69&"|"&$F69&"|"&$N69&"|"&$R69)
A70: 45996 | B70: Sexta | C70: Vacal | E70: Apoio Marcio PV 08 Lageado | F70: Apoio Vacal | J70: Vacal | K70: Apoio | L70: PDS-dezembro(1).docx | M70: =IF($A70="","",TEXT($A70,"mmmm/yyyy")) | P70: =IFERROR(_xludf.XLOOKUP($N70,Base_Enderecos!$A:$A,Base_Enderecos!$B:$B,""),"") | Q70: =IFERROR(_xludf.XLOOKUP($N70,Base_Enderecos!$A:$A,Base_Enderecos!$C:$C,""),"") | R70: =IF(OR(ISNUMBER(SEARCH("HDD",$F70)),ISNUMBER(SEARCH("MND",$F70)),ISNUMBER(SEARCH("PEAD",$F70)),ISNUMBER(SEARCH("Puxe",$J70)),ISNUMBER(SEARCH("Apoio HDD",$F70))),"MND",IF(OR(ISNUMBER(SEARCH("VCA",$F70)),ISNUMBER(SEARCH("PVC",$F70)),ISNUMBER(SEARCH("vca",$J70)),ISNUMBER(SEARCH("Transformação",$J70))),"VCA",IF(OR(ISNUMBER(SEARCH("crava",$F70)),ISNUMBER(SEARCH("tubo cravado",$F70)),ISNUMBER(SEARCH("shaft",$J70)),ISNUMBER(SEARCH("concreto",$F70))),"TUBO CRAVADO",""))) | T70: =IF($A70="","",TEXT($A70,"yyyymm")&"|"&$C70&"|"&$F70&"|"&$N70&"|"&$R70)
A71: 45996 | B71: Sexta | C71: Vacal | E71: Apoio Fabrício PV 7.1 Lageado | F71: Apoio Vacal | J71: Vacal | K71: Apoio | L71: PDS-dezembro(1).docx | M71: =IF($A71="","",TEXT($A71,"mmmm/yyyy")) | P71: =IFERROR(_xludf.XLOOKUP($N71,Base_Enderecos!$A:$A,Base_Enderecos!$B:$B,""),"") | Q71: =IFERROR(_xludf.XLOOKUP($N71,Base_Enderecos!$A:$A,Base_Enderecos!$C:$C,""),"") | R71: =IF(OR(ISNUMBER(SEARCH("HDD",$F71)),ISNUMBER(SEARCH("MND",$F71)),ISNUMBER(SEARCH("PEAD",$F71)),ISNUMBER(SEARCH("Puxe",$J71)),ISNUMBER(SEARCH("Apoio HDD",$F71))),"MND",IF(OR(ISNUMBER(SEARCH("VCA",$F71)),ISNUMBER(SEARCH("PVC",$F71)),ISNUMBER(SEARCH("vca",$J71)),ISNUMBER(SEARCH("Transformação",$J71))),"VCA",IF(OR(ISNUMBER(SEARCH("crava",$F71)),ISNUMBER(SEARCH("tubo cravado",$F71)),ISNUMBER(SEARCH("shaft",$J71)),ISNUMBER(SEARCH("concreto",$F71))),"TUBO CRAVADO",""))) | T71: =IF($A71="","",TEXT($A71,"yyyymm")&"|"&$C71&"|"&$F71&"|"&$N71&"|"&$R71)
A72: 45999 | B72: Segunda | C72: Miriam | E72: Paulo | F72: Recomposição de vala, calçada e rampa de acesso entre os PVs 57 ao 59 | G72: 57 | I72: 57 | J72: Recomposição | K72: Planejamento | L72: PDS-dezembro(1).docx | M72: =IF($A72="","",TEXT($A72,"mmmm/yyyy")) | P72: =IFERROR(_xludf.XLOOKUP($N72,Base_Enderecos!$A:$A,Base_Enderecos!$B:$B,""),"") | Q72: =IFERROR(_xludf.XLOOKUP($N72,Base_Enderecos!$A:$A,Base_Enderecos!$C:$C,""),"") | R72: =IF(OR(ISNUMBER(SEARCH("HDD",$F72)),ISNUMBER(SEARCH("MND",$F72)),ISNUMBER(SEARCH("PEAD",$F72)),ISNUMBER(SEARCH("Puxe",$J72)),ISNUMBER(SEARCH("Apoio HDD",$F72))),"MND",IF(OR(ISNUMBER(SEARCH("VCA",$F72)),ISNUMBER(SEARCH("PVC",$F72)),ISNUMBER(SEARCH("vca",$J72)),ISNUMBER(SEARCH("Transformação",$J72))),"VCA",IF(OR(ISNUMBER(SEARCH("crava",$F72)),ISNUMBER(SEARCH("tubo cravado",$F72)),ISNUMBER(SEARCH("shaft",$J72)),ISNUMBER(SEARCH("concreto",$F72))),"TUBO CRAVADO",""))) | T72: =IF($A72="","",TEXT($A72,"yyyymm")&"|"&$C72&"|"&$F72&"|"&$N72&"|"&$R72)
A73: 45999 | B73: Segunda | C73: CT Lageado | E73: Cesar | F73: transformar PV 04 | G73: 04 | I73: 04 | K73: Planejamento | L73: PDS-dezembro(1).docx | M73: =IF($A73="","",TEXT($A73,"mmmm/yyyy")) | P73: =IFERROR(_xludf.XLOOKUP($N73,Base_Enderecos!$A:$A,Base_Enderecos!$B:$B,""),"") | Q73: =IFERROR(_xludf.XLOOKUP($N73,Base_Enderecos!$A:$A,Base_Enderecos!$C:$C,""),"") | R73: =IF(OR(ISNUMBER(SEARCH("HDD",$F73)),ISNUMBER(SEARCH("MND",$F73)),ISNUMBER(SEARCH("PEAD",$F73)),ISNUMBER(SEARCH("Puxe",$J73)),ISNUMBER(SEARCH("Apoio HDD",$F73))),"MND",IF(OR(ISNUMBER(SEARCH("VCA",$F73)),ISNUMBER(SEARCH("PVC",$F73)),ISNUMBER(SEARCH("vca",$J73)),ISNUMBER(SEARCH("Transformação",$J73))),"VCA",IF(OR(ISNUMBER(SEARCH("crava",$F73)),ISNUMBER(SEARCH("tubo cravado",$F73)),ISNUMBER(SEARCH("shaft",$J73)),ISNUMBER(SEARCH("concreto",$F73))),"TUBO CRAVADO",""))) | T73: =IF($A73="","",TEXT($A73,"yyyymm")&"|"&$C73&"|"&$F73&"|"&$N73&"|"&$R73)
A74: 45999 | B74: Segunda | C74: CT Lageado | E74: Higor | F74: transformar PV 03 | G74: 03 | I74: 03 | K74: Planejamento | L74: PDS-dezembro(1).docx | M74: =IF($A74="","",TEXT($A74,"mmmm/yyyy")) | P74: =IFERROR(_xludf.XLOOKUP($N74,Base_Enderecos!$A:$A,Base_Enderecos!$B:$B,""),"") | Q74: =IFERROR(_xludf.XLOOKUP($N74,Base_Enderecos!$A:$A,Base_Enderecos!$C:$C,""),"") | R74: =IF(OR(ISNUMBER(SEARCH("HDD",$F74)),ISNUMBER(SEARCH("MND",$F74)),ISNUMBER(SEARCH("PEAD",$F74)),ISNUMBER(SEARCH("Puxe",$J74)),ISNUMBER(SEARCH("Apoio HDD",$F74))),"MND",IF(OR(ISNUMBER(SEARCH("VCA",$F74)),ISNUMBER(SEARCH("PVC",$F74)),ISNUMBER(SEARCH("vca",$J74)),ISNUMBER(SEARCH("Transformação",$J74))),"VCA",IF(OR(ISNUMBER(SEARCH("crava",$F74)),ISNUMBER(SEARCH("tubo cravado",$F74)),ISNUMBER(SEARCH("shaft",$J74)),ISNUMBER(SEARCH("concreto",$F74))),"TUBO CRAVADO",""))) | T74: =IF($A74="","",TEXT($A74,"yyyymm")&"|"&$C74&"|"&$F74&"|"&$N74&"|"&$R74)
A75: 45999 | B75: Segunda | C75: CT Lageado | E75: Edivando | F75: VCA entre os PVs 1.2 ao 1.3 | G75: 1.2 | I75: 1.2 | J75: VCA | K75: Planejamento | L75: PDS-dezembro(1).docx | M75: =IF($A75="","",TEXT($A75,"mmmm/yyyy")) | P75: =IFERROR(_xludf.XLOOKUP($N75,Base_Enderecos!$A:$A,Base_Enderecos!$B:$B,""),"") | Q75: =IFERROR(_xludf.XLOOKUP($N75,Base_Enderecos!$A:$A,Base_Enderecos!$C:$C,""),"") | R75: =IF(OR(ISNUMBER(SEARCH("HDD",$F75)),ISNUMBER(SEARCH("MND",$F75)),ISNUMBER(SEARCH("PEAD",$F75)),ISNUMBER(SEARCH("Puxe",$J75)),ISNUMBER(SEARCH("Apoio HDD",$F75))),"MND",IF(OR(ISNUMBER(SEARCH("VCA",$F75)),ISNUMBER(SEARCH("PVC",$F75)),ISNUMBER(SEARCH("vca",$J75)),ISNUMBER(SEARCH("Transformação",$J75))),"VCA",IF(OR(ISNUMBER(SEARCH("crava",$F75)),ISNUMBER(SEARCH("tubo cravado",$F75)),ISNUMBER(SEARCH("shaft",$J75)),ISNUMBER(SEARCH("concreto",$F75))),"TUBO CRAVADO",""))) | T75: =IF($A75="","",TEXT($A75,"yyyymm")&"|"&$C75&"|"&$F75&"|"&$N75&"|"&$R75)
A76: 45999 | B76: Segunda | C76: CT Lageado | E76: Fabrício | F76: Apoio HDD entre PVs 12 a 12.1 | G76: 12 | I76: 12 | J76: Apoio HDD | K76: Planejamento | L76: PDS-dezembro(1).docx | M76: =IF($A76="","",TEXT($A76,"mmmm/yyyy")) | P76: =IFERROR(_xludf.XLOOKUP($N76,Base_Enderecos!$A:$A,Base_Enderecos!$B:$B,""),"") | Q76: =IFERROR(_xludf.XLOOKUP($N76,Base_Enderecos!$A:$A,Base_Enderecos!$C:$C,""),"") | R76: =IF(OR(ISNUMBER(SEARCH("HDD",$F76)),ISNUMBER(SEARCH("MND",$F76)),ISNUMBER(SEARCH("PEAD",$F76)),ISNUMBER(SEARCH("Puxe",$J76)),ISNUMBER(SEARCH("Apoio HDD",$F76))),"MND",IF(OR(ISNUMBER(SEARCH("VCA",$F76)),ISNUMBER(SEARCH("PVC",$F76)),ISNUMBER(SEARCH("vca",$J76)),ISNUMBER(SEARCH("Transformação",$J76))),"VCA",IF(OR(ISNUMBER(SEARCH("crava",$F76)),ISNUMBER(SEARCH("tubo cravado",$F76)),ISNUMBER(SEARCH("shaft",$J76)),ISNUMBER(SEARCH("concreto",$F76))),"TUBO CRAVADO",""))) | T76: =IF($A76="","",TEXT($A76,"yyyymm")&"|"&$C76&"|"&$F76&"|"&$N76&"|"&$R76)
A77: 45999 | B77: Segunda | C77: CT Lageado | E77: Work Drill (Bruno) | F77: Execução do furo piloto entre os PVs 12 ao 12.1 | G77: 12 | I77: 12 | J77: Furo piloto | K77: Planejamento | L77: PDS-dezembro(1).docx | M77: =IF($A77="","",TEXT($A77,"mmmm/yyyy")) | P77: =IFERROR(_xludf.XLOOKUP($N77,Base_Enderecos!$A:$A,Base_Enderecos!$B:$B,""),"") | Q77: =IFERROR(_xludf.XLOOKUP($N77,Base_Enderecos!$A:$A,Base_Enderecos!$C:$C,""),"") | R77: =IF(OR(ISNUMBER(SEARCH("HDD",$F77)),ISNUMBER(SEARCH("MND",$F77)),ISNUMBER(SEARCH("PEAD",$F77)),ISNUMBER(SEARCH("Puxe",$J77)),ISNUMBER(SEARCH("Apoio HDD",$F77))),"MND",IF(OR(ISNUMBER(SEARCH("VCA",$F77)),ISNUMBER(SEARCH("PVC",$F77)),ISNUMBER(SEARCH("vca",$J77)),ISNUMBER(SEARCH("Transformação",$J77))),"VCA",IF(OR(ISNUMBER(SEARCH("crava",$F77)),ISNUMBER(SEARCH("tubo cravado",$F77)),ISNUMBER(SEARCH("shaft",$J77)),ISNUMBER(SEARCH("concreto",$F77))),"TUBO CRAVADO",""))) | T77: =IF($A77="","",TEXT($A77,"yyyymm")&"|"&$C77&"|"&$F77&"|"&$N77&"|"&$R77)
A78: 45999 | B78: Segunda | C78: CT Lageado | E78: Valter | F78: Transformação PV 7.1 | G78: 7.1 | I78: 7.1 | J78: Transformação | K78: Planejamento | L78: PDS-dezembro(1).docx | M78: =IF($A78="","",TEXT($A78,"mmmm/yyyy")) | P78: =IFERROR(_xludf.XLOOKUP($N78,Base_Enderecos!$A:$A,Base_Enderecos!$B:$B,""),"") | Q78: =IFERROR(_xludf.XLOOKUP($N78,Base_Enderecos!$A:$A,Base_Enderecos!$C:$C,""),"") | R78: =IF(OR(ISNUMBER(SEARCH("HDD",$F78)),ISNUMBER(SEARCH("MND",$F78)),ISNUMBER(SEARCH("PEAD",$F78)),ISNUMBER(SEARCH("Puxe",$J78)),ISNUMBER(SEARCH("Apoio HDD",$F78))),"MND",IF(OR(ISNUMBER(SEARCH("VCA",$F78)),ISNUMBER(SEARCH("PVC",$F78)),ISNUMBER(SEARCH("vca",$J78)),ISNUMBER(SEARCH("Transformação",$J78))),"VCA",IF(OR(ISNUMBER(SEARCH("crava",$F78)),ISNUMBER(SEARCH("tubo cravado",$F78)),ISNUMBER(SEARCH("shaft",$J78)),ISNUMBER(SEARCH("concreto",$F78))),"TUBO CRAVADO",""))) | T78: =IF($A78="","",TEXT($A78,"yyyymm")&"|"&$C78&"|"&$F78&"|"&$N78&"|"&$R78)
A79: 45999 | B79: Segunda | C79: CT Lageado | E79: Marcio | F79: Apoio HDD entre PVs 08 a 10 | G79: 08 | I79: 08 | J79: Apoio HDD | K79: Planejamento | L79: PDS-dezembro(1).docx | M79: =IF($A79="","",TEXT($A79,"mmmm/yyyy")) | P79: =IFERROR(_xludf.XLOOKUP($N79,Base_Enderecos!$A:$A,Base_Enderecos!$B:$B,""),"") | Q79: =IFERROR(_xludf.XLOOKUP($N79,Base_Enderecos!$A:$A,Base_Enderecos!$C:$C,""),"") | R79: =IF(OR(ISNUMBER(SEARCH("HDD",$F79)),ISNUMBER(SEARCH("MND",$F79)),ISNUMBER(SEARCH("PEAD",$F79)),ISNUMBER(SEARCH("Puxe",$J79)),ISNUMBER(SEARCH("Apoio HDD",$F79))),"MND",IF(OR(ISNUMBER(SEARCH("VCA",$F79)),ISNUMBER(SEARCH("PVC",$F79)),ISNUMBER(SEARCH("vca",$J79)),ISNUMBER(SEARCH("Transformação",$J79))),"VCA",IF(OR(ISNUMBER(SEARCH("crava",$F79)),ISNUMBER(SEARCH("tubo cravado",$F79)),ISNUMBER(SEARCH("shaft",$J79)),ISNUMBER(SEARCH("concreto",$F79))),"TUBO CRAVADO",""))) | T79: =IF($A79="","",TEXT($A79,"yyyymm")&"|"&$C79&"|"&$F79&"|"&$N79&"|"&$R79)
A80: 45999 | B80: Segunda | C80: CT Lageado | E80: WJ (Alex) | F80: Execução do furo piloto entre os PVs 08 ao 10 | G80: 08 | I80: 08 | J80: Furo piloto | K80: Planejamento | L80: PDS-dezembro(1).docx | M80: =IF($A80="","",TEXT($A80,"mmmm/yyyy")) | P80: =IFERROR(_xludf.XLOOKUP($N80,Base_Enderecos!$A:$A,Base_Enderecos!$B:$B,""),"") | Q80: =IFERROR(_xludf.XLOOKUP($N80,Base_Enderecos!$A:$A,Base_Enderecos!$C:$C,""),"") | R80: =IF(OR(ISNUMBER(SEARCH("HDD",$F80)),ISNUMBER(SEARCH("MND",$F80)),ISNUMBER(SEARCH("PEAD",$F80)),ISNUMBER(SEARCH("Puxe",$J80)),ISNUMBER(SEARCH("Apoio HDD",$F80))),"MND",IF(OR(ISNUMBER(SEARCH("VCA",$F80)),ISNUMBER(SEARCH("PVC",$F80)),ISNUMBER(SEARCH("vca",$J80)),ISNUMBER(SEARCH("Transformação",$J80))),"VCA",IF(OR(ISNUMBER(SEARCH("crava",$F80)),ISNUMBER(SEARCH("tubo cravado",$F80)),ISNUMBER(SEARCH("shaft",$J80)),ISNUMBER(SEARCH("concreto",$F80))),"TUBO CRAVADO",""))) | T80: =IF($A80="","",TEXT($A80,"yyyymm")&"|"&$C80&"|"&$F80&"|"&$N80&"|"&$R80)
A81: 45999 | B81: Segunda | C81: CT Lageado | E81: Marcelo | F81: Transformação PV 05 | G81: 05 | I81: 05 | J81: Transformação | K81: Planejamento | L81: PDS-dezembro(1).docx | M81: =IF($A81="","",TEXT($A81,"mmmm/yyyy")) | P81: =IFERROR(_xludf.XLOOKUP($N81,Base_Enderecos!$A:$A,Base_Enderecos!$B:$B,""),"") | Q81: =IFERROR(_xludf.XLOOKUP($N81,Base_Enderecos!$A:$A,Base_Enderecos!$C:$C,""),"") | R81: =IF(OR(ISNUMBER(SEARCH("HDD",$F81)),ISNUMBER(SEARCH("MND",$F81)),ISNUMBER(SEARCH("PEAD",$F81)),ISNUMBER(SEARCH("Puxe",$J81)),ISNUMBER(SEARCH("Apoio HDD",$F81))),"MND",IF(OR(ISNUMBER(SEARCH("VCA",$F81)),ISNUMBER(SEARCH("PVC",$F81)),ISNUMBER(SEARCH("vca",$J81)),ISNUMBER(SEARCH("Transformação",$J81))),"VCA",IF(OR(ISNUMBER(SEARCH("crava",$F81)),ISNUMBER(SEARCH("tubo cravado",$F81)),ISNUMBER(SEARCH("shaft",$J81)),ISNUMBER(SEARCH("concreto",$F81))),"TUBO CRAVADO",""))) | T81: =IF($A81="","",TEXT($A81,"yyyymm")&"|"&$C81&"|"&$F81&"|"&$N81&"|"&$R81)
A82: 45999 | B82: Segunda | C82: Demais trabalhos | E82: Guindauto (Rodrigo) | F82: Apoio as equipes | K82: Planejamento | L82: PDS-dezembro(1).docx | M82: =IF($A82="","",TEXT($A82,"mmmm/yyyy")) | P82: =IFERROR(_xludf.XLOOKUP($N82,Base_Enderecos!$A:$A,Base_Enderecos!$B:$B,""),"") | Q82: =IFERROR(_xludf.XLOOKUP($N82,Base_Enderecos!$A:$A,Base_Enderecos!$C:$C,""),"") | R82: =IF(OR(ISNUMBER(SEARCH("HDD",$F82)),ISNUMBER(SEARCH("MND",$F82)),ISNUMBER(SEARCH("PEAD",$F82)),ISNUMBER(SEARCH("Puxe",$J82)),ISNUMBER(SEARCH("Apoio HDD",$F82))),"MND",IF(OR(ISNUMBER(SEARCH("VCA",$F82)),ISNUMBER(SEARCH("PVC",$F82)),ISNUMBER(SEARCH("vca",$J82)),ISNUMBER(SEARCH("Transformação",$J82))),"VCA",IF(OR(ISNUMBER(SEARCH("crava",$F82)),ISNUMBER(SEARCH("tubo cravado",$F82)),ISNUMBER(SEARCH("shaft",$J82)),ISNUMBER(SEARCH("concreto",$F82))),"TUBO CRAVADO",""))) | T82: =IF($A82="","",TEXT($A82,"yyyymm")&"|"&$C82&"|"&$F82&"|"&$N82&"|"&$R82)
A83: 45999 | B83: Segunda | C83: Demais trabalhos | E83: Guindauto (Márcio) | F83: Apoio as Equipe | K83: Planejamento | L83: PDS-dezembro(1).docx | M83: =IF($A83="","",TEXT($A83,"mmmm/yyyy")) | P83: =IFERROR(_xludf.XLOOKUP($N83,Base_Enderecos!$A:$A,Base_Enderecos!$B:$B,""),"") | Q83: =IFERROR(_xludf.XLOOKUP($N83,Base_Enderecos!$A:$A,Base_Enderecos!$C:$C,""),"") | R83: =IF(OR(ISNUMBER(SEARCH("HDD",$F83)),ISNUMBER(SEARCH("MND",$F83)),ISNUMBER(SEARCH("PEAD",$F83)),ISNUMBER(SEARCH("Puxe",$J83)),ISNUMBER(SEARCH("Apoio HDD",$F83))),"MND",IF(OR(ISNUMBER(SEARCH("VCA",$F83)),ISNUMBER(SEARCH("PVC",$F83)),ISNUMBER(SEARCH("vca",$J83)),ISNUMBER(SEARCH("Transformação",$J83))),"VCA",IF(OR(ISNUMBER(SEARCH("crava",$F83)),ISNUMBER(SEARCH("tubo cravado",$F83)),ISNUMBER(SEARCH("shaft",$J83)),ISNUMBER(SEARCH("concreto",$F83))),"TUBO CRAVADO",""))) | T83: =IF($A83="","",TEXT($A83,"yyyymm")&"|"&$C83&"|"&$F83&"|"&$N83&"|"&$R83)
A84: 45999 | B84: Segunda | C84: Vacal | E84: Apoio Fabrício PV 12 Ladeado | F84: Apoio Vacal | J84: Vacal | K84: Apoio | L84: PDS-dezembro(1).docx | M84: =IF($A84="","",TEXT($A84,"mmmm/yyyy")) | P84: =IFERROR(_xludf.XLOOKUP($N84,Base_Enderecos!$A:$A,Base_Enderecos!$B:$B,""),"") | Q84: =IFERROR(_xludf.XLOOKUP($N84,Base_Enderecos!$A:$A,Base_Enderecos!$C:$C,""),"") | R84: =IF(OR(ISNUMBER(SEARCH("HDD",$F84)),ISNUMBER(SEARCH("MND",$F84)),ISNUMBER(SEARCH("PEAD",$F84)),ISNUMBER(SEARCH("Puxe",$J84)),ISNUMBER(SEARCH("Apoio HDD",$F84))),"MND",IF(OR(ISNUMBER(SEARCH("VCA",$F84)),ISNUMBER(SEARCH("PVC",$F84)),ISNUMBER(SEARCH("vca",$J84)),ISNUMBER(SEARCH("Transformação",$J84))),"VCA",IF(OR(ISNUMBER(SEARCH("crava",$F84)),ISNUMBER(SEARCH("tubo cravado",$F84)),ISNUMBER(SEARCH("shaft",$J84)),ISNUMBER(SEARCH("concreto",$F84))),"TUBO CRAVADO",""))) | T84: =IF($A84="","",TEXT($A84,"yyyymm")&"|"&$C84&"|"&$F84&"|"&$N84&"|"&$R84)
A85: 45999 | B85: Segunda | C85: Vacal | E85: Apoio Marcio PV 08 Lageado | F85: Apoio Vacal | J85: Vacal | K85: Apoio | L85: PDS-dezembro(1).docx | M85: =IF($A85="","",TEXT($A85,"mmmm/yyyy")) | P85: =IFERROR(_xludf.XLOOKUP($N85,Base_Enderecos!$A:$A,Base_Enderecos!$B:$B,""),"") | Q85: =IFERROR(_xludf.XLOOKUP($N85,Base_Enderecos!$A:$A,Base_Enderecos!$C:$C,""),"") | R85: =IF(OR(ISNUMBER(SEARCH("HDD",$F85)),ISNUMBER(SEARCH("MND",$F85)),ISNUMBER(SEARCH("PEAD",$F85)),ISNUMBER(SEARCH("Puxe",$J85)),ISNUMBER(SEARCH("Apoio HDD",$F85))),"MND",IF(OR(ISNUMBER(SEARCH("VCA",$F85)),ISNUMBER(SEARCH("PVC",$F85)),ISNUMBER(SEARCH("vca",$J85)),ISNUMBER(SEARCH("Transformação",$J85))),"VCA",IF(OR(ISNUMBER(SEARCH("crava",$F85)),ISNUMBER(SEARCH("tubo cravado",$F85)),ISNUMBER(SEARCH("shaft",$J85)),ISNUMBER(SEARCH("concreto",$F85))),"TUBO CRAVADO",""))) | T85: =IF($A85="","",TEXT($A85,"yyyymm")&"|"&$C85&"|"&$F85&"|"&$N85&"|"&$R85)
A86: 46000 | B86: Terça | C86: Miriam | E86: Paulo | F86: Recomposição de vala, calçada e rampa de acesso entre os PVs 57 ao 59 | G86: 57 | I86: 57 | J86: Recomposição | K86: Planejamento | L86: PDS-dezembro(1).docx | M86: =IF($A86="","",TEXT($A86,"mmmm/yyyy")) | P86: =IFERROR(_xludf.XLOOKUP($N86,Base_Enderecos!$A:$A,Base_Enderecos!$B:$B,""),"") | Q86: =IFERROR(_xludf.XLOOKUP($N86,Base_Enderecos!$A:$A,Base_Enderecos!$C:$C,""),"") | R86: =IF(OR(ISNUMBER(SEARCH("HDD",$F86)),ISNUMBER(SEARCH("MND",$F86)),ISNUMBER(SEARCH("PEAD",$F86)),ISNUMBER(SEARCH("Puxe",$J86)),ISNUMBER(SEARCH("Apoio HDD",$F86))),"MND",IF(OR(ISNUMBER(SEARCH("VCA",$F86)),ISNUMBER(SEARCH("PVC",$F86)),ISNUMBER(SEARCH("vca",$J86)),ISNUMBER(SEARCH("Transformação",$J86))),"VCA",IF(OR(ISNUMBER(SEARCH("crava",$F86)),ISNUMBER(SEARCH("tubo cravado",$F86)),ISNUMBER(SEARCH("shaft",$J86)),ISNUMBER(SEARCH("concreto",$F86))),"TUBO CRAVADO",""))) | T86: =IF($A86="","",TEXT($A86,"yyyymm")&"|"&$C86&"|"&$F86&"|"&$N86&"|"&$R86)
A87: 46000 | B87: Terça | C87: CT Lageado | E87: Cesar | F87: transformar PV 07 | G87: 07 | I87: 07 | K87: Planejamento | L87: PDS-dezembro(1).docx | M87: =IF($A87="","",TEXT($A87,"mmmm/yyyy")) | P87: =IFERROR(_xludf.XLOOKUP($N87,Base_Enderecos!$A:$A,Base_Enderecos!$B:$B,""),"") | Q87: =IFERROR(_xludf.XLOOKUP($N87,Base_Enderecos!$A:$A,Base_Enderecos!$C:$C,""),"") | R87: =IF(OR(ISNUMBER(SEARCH("HDD",$F87)),ISNUMBER(SEARCH("MND",$F87)),ISNUMBER(SEARCH("PEAD",$F87)),ISNUMBER(SEARCH("Puxe",$J87)),ISNUMBER(SEARCH("Apoio HDD",$F87))),"MND",IF(OR(ISNUMBER(SEARCH("VCA",$F87)),ISNUMBER(SEARCH("PVC",$F87)),ISNUMBER(SEARCH("vca",$J87)),ISNUMBER(SEARCH("Transformação",$J87))),"VCA",IF(OR(ISNUMBER(SEARCH("crava",$F87)),ISNUMBER(SEARCH("tubo cravado",$F87)),ISNUMBER(SEARCH("shaft",$J87)),ISNUMBER(SEARCH("concreto",$F87))),"TUBO CRAVADO",""))) | T87: =IF($A87="","",TEXT($A87,"yyyymm")&"|"&$C87&"|"&$F87&"|"&$N87&"|"&$R87)
A88: 46000 | B88: Terça | C88: CT Lageado | E88: Higor | F88: transformar PV 03 | G88: 03 | I88: 03 | K88: Planejamento | L88: PDS-dezembro(1).docx | M88: =IF($A88="","",TEXT($A88,"mmmm/yyyy")) | P88: =IFERROR(_xludf.XLOOKUP($N88,Base_Enderecos!$A:$A,Base_Enderecos!$B:$B,""),"") | Q88: =IFERROR(_xludf.XLOOKUP($N88,Base_Enderecos!$A:$A,Base_Enderecos!$C:$C,""),"") | R88: =IF(OR(ISNUMBER(SEARCH("HDD",$F88)),ISNUMBER(SEARCH("MND",$F88)),ISNUMBER(SEARCH("PEAD",$F88)),ISNUMBER(SEARCH("Puxe",$J88)),ISNUMBER(SEARCH("Apoio HDD",$F88))),"MND",IF(OR(ISNUMBER(SEARCH("VCA",$F88)),ISNUMBER(SEARCH("PVC",$F88)),ISNUMBER(SEARCH("vca",$J88)),ISNUMBER(SEARCH("Transformação",$J88))),"VCA",IF(OR(ISNUMBER(SEARCH("crava",$F88)),ISNUMBER(SEARCH("tubo cravado",$F88)),ISNUMBER(SEARCH("shaft",$J88)),ISNUMBER(SEARCH("concreto",$F88))),"TUBO CRAVADO",""))) | T88: =IF($A88="","",TEXT($A88,"yyyymm")&"|"&$C88&"|"&$F88&"|"&$N88&"|"&$R88)
A89: 46000 | B89: Terça | C89: CT Lageado | E89: Edivando | F89: VCA entre os PVs 1.2 ao 1.3 | G89: 1.2 | I89: 1.2 | J89: VCA | K89: Planejamento | L89: PDS-dezembro(1).docx | M89: =IF($A89="","",TEXT($A89,"mmmm/yyyy")) | P89: =IFERROR(_xludf.XLOOKUP($N89,Base_Enderecos!$A:$A,Base_Enderecos!$B:$B,""),"") | Q89: =IFERROR(_xludf.XLOOKUP($N89,Base_Enderecos!$A:$A,Base_Enderecos!$C:$C,""),"") | R89: =IF(OR(ISNUMBER(SEARCH("HDD",$F89)),ISNUMBER(SEARCH("MND",$F89)),ISNUMBER(SEARCH("PEAD",$F89)),ISNUMBER(SEARCH("Puxe",$J89)),ISNUMBER(SEARCH("Apoio HDD",$F89))),"MND",IF(OR(ISNUMBER(SEARCH("VCA",$F89)),ISNUMBER(SEARCH("PVC",$F89)),ISNUMBER(SEARCH("vca",$J89)),ISNUMBER(SEARCH("Transformação",$J89))),"VCA",IF(OR(ISNUMBER(SEARCH("crava",$F89)),ISNUMBER(SEARCH("tubo cravado",$F89)),ISNUMBER(SEARCH("shaft",$J89)),ISNUMBER(SEARCH("concreto",$F89))),"TUBO CRAVADO",""))) | T89: =IF($A89="","",TEXT($A89,"yyyymm")&"|"&$C89&"|"&$F89&"|"&$N89&"|"&$R89)
A90: 46000 | B90: Terça | C90: CT Lageado | E90: Fabrício | F90: Apoio HDD entre PVs 16 a 16.1 | G90: 16 | I90: 16 | J90: Apoio HDD | K90: Planejamento | L90: PDS-dezembro(1).docx | M90: =IF($A90="","",TEXT($A90,"mmmm/yyyy")) | P90: =IFERROR(_xludf.XLOOKUP($N90,Base_Enderecos!$A:$A,Base_Enderecos!$B:$B,""),"") | Q90: =IFERROR(_xludf.XLOOKUP($N90,Base_Enderecos!$A:$A,Base_Enderecos!$C:$C,""),"") | R90: =IF(OR(ISNUMBER(SEARCH("HDD",$F90)),ISNUMBER(SEARCH("MND",$F90)),ISNUMBER(SEARCH("PEAD",$F90)),ISNUMBER(SEARCH("Puxe",$J90)),ISNUMBER(SEARCH("Apoio HDD",$F90))),"MND",IF(OR(ISNUMBER(SEARCH("VCA",$F90)),ISNUMBER(SEARCH("PVC",$F90)),ISNUMBER(SEARCH("vca",$J90)),ISNUMBER(SEARCH("Transformação",$J90))),"VCA",IF(OR(ISNUMBER(SEARCH("crava",$F90)),ISNUMBER(SEARCH("tubo cravado",$F90)),ISNUMBER(SEARCH("shaft",$J90)),ISNUMBER(SEARCH("concreto",$F90))),"TUBO CRAVADO",""))) | T90: =IF($A90="","",TEXT($A90,"yyyymm")&"|"&$C90&"|"&$F90&"|"&$N90&"|"&$R90)
A91: 46000 | B91: Terça | C91: CT Lageado | E91: Work Drill (Bruno) | F91: Execução do furo piloto entre os PVs 16 ao 16.1 | G91: 16 | I91: 16 | J91: Furo piloto | K91: Planejamento | L91: PDS-dezembro(1).docx | M91: =IF($A91="","",TEXT($A91,"mmmm/yyyy")) | P91: =IFERROR(_xludf.XLOOKUP($N91,Base_Enderecos!$A:$A,Base_Enderecos!$B:$B,""),"") | Q91: =IFERROR(_xludf.XLOOKUP($N91,Base_Enderecos!$A:$A,Base_Enderecos!$C:$C,""),"") | R91: =IF(OR(ISNUMBER(SEARCH("HDD",$F91)),ISNUMBER(SEARCH("MND",$F91)),ISNUMBER(SEARCH("PEAD",$F91)),ISNUMBER(SEARCH("Puxe",$J91)),ISNUMBER(SEARCH("Apoio HDD",$F91))),"MND",IF(OR(ISNUMBER(SEARCH("VCA",$F91)),ISNUMBER(SEARCH("PVC",$F91)),ISNUMBER(SEARCH("vca",$J91)),ISNUMBER(SEARCH("Transformação",$J91))),"VCA",IF(OR(ISNUMBER(SEARCH("crava",$F91)),ISNUMBER(SEARCH("tubo cravado",$F91)),ISNUMBER(SEARCH("shaft",$J91)),ISNUMBER(SEARCH("concreto",$F91))),"TUBO CRAVADO",""))) | T91: =IF($A91="","",TEXT($A91,"yyyymm")&"|"&$C91&"|"&$F91&"|"&$N91&"|"&$R91)
A92: 46000 | B92: Terça | C92: CT Lageado | E92: Valter | F92: Transformação PV 7.1 | G92: 7.1 | I92: 7.1 | J92: Transformação | K92: Planejamento | L92: PDS-dezembro(1).docx | M92: =IF($A92="","",TEXT($A92,"mmmm/yyyy")) | P92: =IFERROR(_xludf.XLOOKUP($N92,Base_Enderecos!$A:$A,Base_Enderecos!$B:$B,""),"") | Q92: =IFERROR(_xludf.XLOOKUP($N92,Base_Enderecos!$A:$A,Base_Enderecos!$C:$C,""),"") | R92: =IF(OR(ISNUMBER(SEARCH("HDD",$F92)),ISNUMBER(SEARCH("MND",$F92)),ISNUMBER(SEARCH("PEAD",$F92)),ISNUMBER(SEARCH("Puxe",$J92)),ISNUMBER(SEARCH("Apoio HDD",$F92))),"MND",IF(OR(ISNUMBER(SEARCH("VCA",$F92)),ISNUMBER(SEARCH("PVC",$F92)),ISNUMBER(SEARCH("vca",$J92)),ISNUMBER(SEARCH("Transformação",$J92))),"VCA",IF(OR(ISNUMBER(SEARCH("crava",$F92)),ISNUMBER(SEARCH("tubo cravado",$F92)),ISNUMBER(SEARCH("shaft",$J92)),ISNUMBER(SEARCH("concreto",$F92))),"TUBO CRAVADO",""))) | T92: =IF($A92="","",TEXT($A92,"yyyymm")&"|"&$C92&"|"&$F92&"|"&$N92&"|"&$R92)
A93: 46000 | B93: Terça | C93: CT Lageado | E93: Marcio | F93: Apoio HDD entre PVs 10 a 12 | G93: 10 | I93: 10 | J93: Apoio HDD | K93: Planejamento | L93: PDS-dezembro(1).docx | M93: =IF($A93="","",TEXT($A93,"mmmm/yyyy")) | P93: =IFERROR(_xludf.XLOOKUP($N93,Base_Enderecos!$A:$A,Base_Enderecos!$B:$B,""),"") | Q93: =IFERROR(_xludf.XLOOKUP($N93,Base_Enderecos!$A:$A,Base_Enderecos!$C:$C,""),"") | R93: =IF(OR(ISNUMBER(SEARCH("HDD",$F93)),ISNUMBER(SEARCH("MND",$F93)),ISNUMBER(SEARCH("PEAD",$F93)),ISNUMBER(SEARCH("Puxe",$J93)),ISNUMBER(SEARCH("Apoio HDD",$F93))),"MND",IF(OR(ISNUMBER(SEARCH("VCA",$F93)),ISNUMBER(SEARCH("PVC",$F93)),ISNUMBER(SEARCH("vca",$J93)),ISNUMBER(SEARCH("Transformação",$J93))),"VCA",IF(OR(ISNUMBER(SEARCH("crava",$F93)),ISNUMBER(SEARCH("tubo cravado",$F93)),ISNUMBER(SEARCH("shaft",$J93)),ISNUMBER(SEARCH("concreto",$F93))),"TUBO CRAVADO",""))) | T93: =IF($A93="","",TEXT($A93,"yyyymm")&"|"&$C93&"|"&$F93&"|"&$N93&"|"&$R93)
A94: 46000 | B94: Terça | C94: CT Lageado | E94: WJ (Alex) | F94: Passagem de tubo entre os PVs 10 ao 12 | G94: 10 | I94: 10 | J94: Passagem de tubo | K94: Planejamento | L94: PDS-dezembro(1).docx | M94: =IF($A94="","",TEXT($A94,"mmmm/yyyy")) | P94: =IFERROR(_xludf.XLOOKUP($N94,Base_Enderecos!$A:$A,Base_Enderecos!$B:$B,""),"") | Q94: =IFERROR(_xludf.XLOOKUP($N94,Base_Enderecos!$A:$A,Base_Enderecos!$C:$C,""),"") | R94: =IF(OR(ISNUMBER(SEARCH("HDD",$F94)),ISNUMBER(SEARCH("MND",$F94)),ISNUMBER(SEARCH("PEAD",$F94)),ISNUMBER(SEARCH("Puxe",$J94)),ISNUMBER(SEARCH("Apoio HDD",$F94))),"MND",IF(OR(ISNUMBER(SEARCH("VCA",$F94)),ISNUMBER(SEARCH("PVC",$F94)),ISNUMBER(SEARCH("vca",$J94)),ISNUMBER(SEARCH("Transformação",$J94))),"VCA",IF(OR(ISNUMBER(SEARCH("crava",$F94)),ISNUMBER(SEARCH("tubo cravado",$F94)),ISNUMBER(SEARCH("shaft",$J94)),ISNUMBER(SEARCH("concreto",$F94))),"TUBO CRAVADO",""))) | T94: =IF($A94="","",TEXT($A94,"yyyymm")&"|"&$C94&"|"&$F94&"|"&$N94&"|"&$R94)
A95: 46000 | B95: Terça | C95: CT Lageado | E95: Marcelo | F95: Transformação PV 05 | G95: 05 | I95: 05 | J95: Transformação | K95: Planejamento | L95: PDS-dezembro(1).docx | M95: =IF($A95="","",TEXT($A95,"mmmm/yyyy")) | P95: =IFERROR(_xludf.XLOOKUP($N95,Base_Enderecos!$A:$A,Base_Enderecos!$B:$B,""),"") | Q95: =IFERROR(_xludf.XLOOKUP($N95,Base_Enderecos!$A:$A,Base_Enderecos!$C:$C,""),"") | R95: =IF(OR(ISNUMBER(SEARCH("HDD",$F95)),ISNUMBER(SEARCH("MND",$F95)),ISNUMBER(SEARCH("PEAD",$F95)),ISNUMBER(SEARCH("Puxe",$J95)),ISNUMBER(SEARCH("Apoio HDD",$F95))),"MND",IF(OR(ISNUMBER(SEARCH("VCA",$F95)),ISNUMBER(SEARCH("PVC",$F95)),ISNUMBER(SEARCH("vca",$J95)),ISNUMBER(SEARCH("Transformação",$J95))),"VCA",IF(OR(ISNUMBER(SEARCH("crava",$F95)),ISNUMBER(SEARCH("tubo cravado",$F95)),ISNUMBER(SEARCH("shaft",$J95)),ISNUMBER(SEARCH("concreto",$F95))),"TUBO CRAVADO",""))) | T95: =IF($A95="","",TEXT($A95,"yyyymm")&"|"&$C95&"|"&$F95&"|"&$N95&"|"&$R95)
A96: 46000 | B96: Terça | C96: CT Lageado | E96: LS 1 | F96: Transformação PV 8.1 | G96: 8.1 | I96: 8.1 | J96: Transformação | K96: Planejamento | L96: PDS-dezembro(1).docx | M96: =IF($A96="","",TEXT($A96,"mmmm/yyyy")) | P96: =IFERROR(_xludf.XLOOKUP($N96,Base_Enderecos!$A:$A,Base_Enderecos!$B:$B,""),"") | Q96: =IFERROR(_xludf.XLOOKUP($N96,Base_Enderecos!$A:$A,Base_Enderecos!$C:$C,""),"") | R96: =IF(OR(ISNUMBER(SEARCH("HDD",$F96)),ISNUMBER(SEARCH("MND",$F96)),ISNUMBER(SEARCH("PEAD",$F96)),ISNUMBER(SEARCH("Puxe",$J96)),ISNUMBER(SEARCH("Apoio HDD",$F96))),"MND",IF(OR(ISNUMBER(SEARCH("VCA",$F96)),ISNUMBER(SEARCH("PVC",$F96)),ISNUMBER(SEARCH("vca",$J96)),ISNUMBER(SEARCH("Transformação",$J96))),"VCA",IF(OR(ISNUMBER(SEARCH("crava",$F96)),ISNUMBER(SEARCH("tubo cravado",$F96)),ISNUMBER(SEARCH("shaft",$J96)),ISNUMBER(SEARCH("concreto",$F96))),"TUBO CRAVADO",""))) | T96: =IF($A96="","",TEXT($A96,"yyyymm")&"|"&$C96&"|"&$F96&"|"&$N96&"|"&$R96)
A97: 46000 | B97: Terça | C97: Demais trabalhos | E97: Guindauto (Rodrigo) | F97: Apoio as equipes | K97: Planejamento | L97: PDS-dezembro(1).docx | M97: =IF($A97="","",TEXT($A97,"mmmm/yyyy")) | P97: =IFERROR(_xludf.XLOOKUP($N97,Base_Enderecos!$A:$A,Base_Enderecos!$B:$B,""),"") | Q97: =IFERROR(_xludf.XLOOKUP($N97,Base_Enderecos!$A:$A,Base_Enderecos!$C:$C,""),"") | R97: =IF(OR(ISNUMBER(SEARCH("HDD",$F97)),ISNUMBER(SEARCH("MND",$F97)),ISNUMBER(SEARCH("PEAD",$F97)),ISNUMBER(SEARCH("Puxe",$J97)),ISNUMBER(SEARCH("Apoio HDD",$F97))),"MND",IF(OR(ISNUMBER(SEARCH("VCA",$F97)),ISNUMBER(SEARCH("PVC",$F97)),ISNUMBER(SEARCH("vca",$J97)),ISNUMBER(SEARCH("Transformação",$J97))),"VCA",IF(OR(ISNUMBER(SEARCH("crava",$F97)),ISNUMBER(SEARCH("tubo cravado",$F97)),ISNUMBER(SEARCH("shaft",$J97)),ISNUMBER(SEARCH("concreto",$F97))),"TUBO CRAVADO",""))) | T97: =IF($A97="","",TEXT($A97,"yyyymm")&"|"&$C97&"|"&$F97&"|"&$N97&"|"&$R97)
A98: 46000 | B98: Terça | C98: Demais trabalhos | E98: Guindauto (Márcio) | F98: Apoio as Equipe | K98: Planejamento | L98: PDS-dezembro(1).docx | M98: =IF($A98="","",TEXT($A98,"mmmm/yyyy")) | P98: =IFERROR(_xludf.XLOOKUP($N98,Base_Enderecos!$A:$A,Base_Enderecos!$B:$B,""),"") | Q98: =IFERROR(_xludf.XLOOKUP($N98,Base_Enderecos!$A:$A,Base_Enderecos!$C:$C,""),"") | R98: =IF(OR(ISNUMBER(SEARCH("HDD",$F98)),ISNUMBER(SEARCH("MND",$F98)),ISNUMBER(SEARCH("PEAD",$F98)),ISNUMBER(SEARCH("Puxe",$J98)),ISNUMBER(SEARCH("Apoio HDD",$F98))),"MND",IF(OR(ISNUMBER(SEARCH("VCA",$F98)),ISNUMBER(SEARCH("PVC",$F98)),ISNUMBER(SEARCH("vca",$J98)),ISNUMBER(SEARCH("Transformação",$J98))),"VCA",IF(OR(ISNUMBER(SEARCH("crava",$F98)),ISNUMBER(SEARCH("tubo cravado",$F98)),ISNUMBER(SEARCH("shaft",$J98)),ISNUMBER(SEARCH("concreto",$F98))),"TUBO CRAVADO",""))) | T98: =IF($A98="","",TEXT($A98,"yyyymm")&"|"&$C98&"|"&$F98&"|"&$N98&"|"&$R98)
A99: 46000 | B99: Terça | C99: Vacal | E99: Apoio Fabrício PV 16 Ladeado | F99: Apoio Vacal | J99: Vacal | K99: Apoio | L99: PDS-dezembro(1).docx | M99: =IF($A99="","",TEXT($A99,"mmmm/yyyy")) | P99: =IFERROR(_xludf.XLOOKUP($N99,Base_Enderecos!$A:$A,Base_Enderecos!$B:$B,""),"") | Q99: =IFERROR(_xludf.XLOOKUP($N99,Base_Enderecos!$A:$A,Base_Enderecos!$C:$C,""),"") | R99: =IF(OR(ISNUMBER(SEARCH("HDD",$F99)),ISNUMBER(SEARCH("MND",$F99)),ISNUMBER(SEARCH("PEAD",$F99)),ISNUMBER(SEARCH("Puxe",$J99)),ISNUMBER(SEARCH("Apoio HDD",$F99))),"MND",IF(OR(ISNUMBER(SEARCH("VCA",$F99)),ISNUMBER(SEARCH("PVC",$F99)),ISNUMBER(SEARCH("vca",$J99)),ISNUMBER(SEARCH("Transformação",$J99))),"VCA",IF(OR(ISNUMBER(SEARCH("crava",$F99)),ISNUMBER(SEARCH("tubo cravado",$F99)),ISNUMBER(SEARCH("shaft",$J99)),ISNUMBER(SEARCH("concreto",$F99))),"TUBO CRAVADO",""))) | T99: =IF($A99="","",TEXT($A99,"yyyymm")&"|"&$C99&"|"&$F99&"|"&$N99&"|"&$R99)
A100: 46000 | B100: Terça | C100: Vacal | E100: Apoio Marcio PV 10 Lageado | F100: Apoio Vacal | J100: Vacal | K100: Apoio | L100: PDS-dezembro(1).docx | M100: =IF($A100="","",TEXT($A100,"mmmm/yyyy")) | P100: =IFERROR(_xludf.XLOOKUP($N100,Base_Enderecos!$A:$A,Base_Enderecos!$B:$B,""),"") | Q100: =IFERROR(_xludf.XLOOKUP($N100,Base_Enderecos!$A:$A,Base_Enderecos!$C:$C,""),"") | R100: =IF(OR(ISNUMBER(SEARCH("HDD",$F100)),ISNUMBER(SEARCH("MND",$F100)),ISNUMBER(SEARCH("PEAD",$F100)),ISNUMBER(SEARCH("Puxe",$J100)),ISNUMBER(SEARCH("Apoio HDD",$F100))),"MND",IF(OR(ISNUMBER(SEARCH("VCA",$F100)),ISNUMBER(SEARCH("PVC",$F100)),ISNUMBER(SEARCH("vca",$J100)),ISNUMBER(SEARCH("Transformação",$J100))),"VCA",IF(OR(ISNUMBER(SEARCH("crava",$F100)),ISNUMBER(SEARCH("tubo cravado",$F100)),ISNUMBER(SEARCH("shaft",$J100)),ISNUMBER(SEARCH("concreto",$F100))),"TUBO CRAVADO",""))) | T100: =IF($A100="","",TEXT($A100,"yyyymm")&"|"&$C100&"|"&$F100&"|"&$N100&"|"&$R100)
A101: 46001 | B101: Quarta | C101: CT Lageado | E101: Natalino | F101: Apoio HDD entre PVs 16 a 18 | G101: 16 | I101: 16 | J101: Apoio HDD | K101: Planejamento | L101: PDS-dezembro(1).docx | M101: =IF($A101="","",TEXT($A101,"mmmm/yyyy")) | P101: =IFERROR(_xludf.XLOOKUP($N101,Base_Enderecos!$A:$A,Base_Enderecos!$B:$B,""),"") | Q101: =IFERROR(_xludf.XLOOKUP($N101,Base_Enderecos!$A:$A,Base_Enderecos!$C:$C,""),"") | R101: =IF(OR(ISNUMBER(SEARCH("HDD",$F101)),ISNUMBER(SEARCH("MND",$F101)),ISNUMBER(SEARCH("PEAD",$F101)),ISNUMBER(SEARCH("Puxe",$J101)),ISNUMBER(SEARCH("Apoio HDD",$F101))),"MND",IF(OR(ISNUMBER(SEARCH("VCA",$F101)),ISNUMBER(SEARCH("PVC",$F101)),ISNUMBER(SEARCH("vca",$J101)),ISNUMBER(SEARCH("Transformação",$J101))),"VCA",IF(OR(ISNUMBER(SEARCH("crava",$F101)),ISNUMBER(SEARCH("tubo cravado",$F101)),ISNUMBER(SEARCH("shaft",$J101)),ISNUMBER(SEARCH("concreto",$F101))),"TUBO CRAVADO",""))) | T101: =IF($A101="","",TEXT($A101,"yyyymm")&"|"&$C101&"|"&$F101&"|"&$N101&"|"&$R101)
A102: 46001 | B102: Quarta | C102: CT Lageado | E102: WJ (Edson) | F102: Passagem de tubo entre os PVs 16 ao 18 | G102: 16 | I102: 16 | J102: Passagem de tubo | K102: Planejamento | L102: PDS-dezembro(1).docx | M102: =IF($A102="","",TEXT($A102,"mmmm/yyyy")) | P102: =IFERROR(_xludf.XLOOKUP($N102,Base_Enderecos!$A:$A,Base_Enderecos!$B:$B,""),"") | Q102: =IFERROR(_xludf.XLOOKUP($N102,Base_Enderecos!$A:$A,Base_Enderecos!$C:$C,""),"") | R102: =IF(OR(ISNUMBER(SEARCH("HDD",$F102)),ISNUMBER(SEARCH("MND",$F102)),ISNUMBER(SEARCH("PEAD",$F102)),ISNUMBER(SEARCH("Puxe",$J102)),ISNUMBER(SEARCH("Apoio HDD",$F102))),"MND",IF(OR(ISNUMBER(SEARCH("VCA",$F102)),ISNUMBER(SEARCH("PVC",$F102)),ISNUMBER(SEARCH("vca",$J102)),ISNUMBER(SEARCH("Transformação",$J102))),"VCA",IF(OR(ISNUMBER(SEARCH("crava",$F102)),ISNUMBER(SEARCH("tubo cravado",$F102)),ISNUMBER(SEARCH("shaft",$J102)),ISNUMBER(SEARCH("concreto",$F102))),"TUBO CRAVADO",""))) | T102: =IF($A102="","",TEXT($A102,"yyyymm")&"|"&$C102&"|"&$F102&"|"&$N102&"|"&$R102)
...

Sheet Resumo
A1: Resumo da extração
A3: Indicador | B3: Valor | D3: Mês | E3: Linhas extraídas | G3: Top obras | H3: Qtd. linhas
A4: Total de linhas | B4: 2161 | D4: 2025-12 | E4: 248 | G4: Vacal | H4: 383
A5: Total de obras | B5: 55 | D5: 2026-01 | E5: 366 | G5: CT CONCEIÇÃO | H5: 195
A6: Total de tipos de atividade | B6: 24 | D6: 2026-02 | E6: 449 | G6: CT MAR DE CORAL | H6: 173
A7: Arquivos consolidados | B7: 5 | D7: 2026-03 | E7: 505 | G7: Guindauto | H7: 161
D8: 2026-04 | E8: 564 | G8: CT Mar de Coral | H8: 114
D9: 2026-05 | E9: 29 | G9: CTS LUIS BOTELHO MOURÃO | H9: 114
G10: CT ÁGUA VERMELHA M.D. e M.E | H10: 101
G11: CT Lageado | H11: 89
G12: CT ÁGUA VERMELHA M.D | H12: 72
G13: CT Lourdes | H13: 70
G14: CT AGUA VERMELHA M.D | H14: 56
G15: CT ÁGUA VERMELHA M.D. | H15: 44
G16: CT AGUA VERMELHA M.E | H16: 36
G17: CT LOURDES | H17: 35
G18: RCE FCO. SOUTO MAIOR | H18: 34

Sheet Base_Enderecos
A1: RUA | B1: MUNICIPIO | C1: SUBPREFEITURA | D1: OBS
A2: Preencher rua igual ao PDS | B2: São Paulo | C2: Preencher subprefeitura | D2: Exemplo: cadastrar uma vez e puxa automático

Sheet Parametros_Relatorio
A1: Campo | B1: Preenchimento
A2: CONTRATO
A3: CONTRATADA | B3: Consórcio XXXXX Pacote XX
A4: OBJETO
A5: MES_REFERENCIA
A6: ELABORADO_POR
A7: APROVADO_POR
A8: REVISAO | B8: 00
A9: DATA_REVISAO
A10: COMENTARIOS_REVISAO | B10: Revisão inicial
A11: OBS | B11: Campos usados futuramente para gerar o Word do relatório.
A12: STATUS | B12: Base pronta

Sheet Orientacoes_Relatorio
A1: Orientação | B1: Detalhe
A2: Não alterei a estrutura original | B2: As colunas A:L foram preservadas. As novas colunas entram a partir da M.
A3: MES_REF | B3: Calculado automaticamente pela Data da coluna A.
A4: RUA | B4: Preencher manualmente no PDS.
A5: NUMERO | B5: Preencher manualmente no PDS.
A6: MUNICIPIO | B6: Puxa da aba Base_Enderecos pela Rua. Pode preencher manualmente se preferir.
A7: SUBPREFEITURA | B7: Puxa da aba Base_Enderecos pela Rua. Pode preencher manualmente se preferir.
A8: METODO_PADRAO | B8: Tenta classificar como MND, VCA ou TUBO CRAVADO com base na atividade/tipo.
A9: EXTENSAO_M | B9: Preencher quando houver produção em metro.
A10: CHAVE_RELATORIO | B10: Agrupa mês, obra, atividade, rua e método para não repetir no relatório.
A11: OBS_RELATORIO | B11: Campo livre para comentário mensal.
A12: Próximo passo | B12: Depois de preencher Rua/Número, podemos gerar o Word automático.
